user_id,week_year,num_ascolti_totali,num_ascolti_artista
0m3rt4,2012/40,34,11
0m3rt4,2012/41,22,2
0m3rt4,2012/44,43,0
0m3rt4,2012/50,9,0
0m3rt4,2012/52,9,0
0m3rt4,2013/03,7,0
0m3rt4,2013/22,7,0
3soTeriC,2008/36,10,0
3soTeriC,2008/39,1,0
3soTeriC,2009/06,1,0
3soTeriC,2009/09,17,3
3soTeriC,2009/14,16,0
3soTeriC,2009/20,4,0
3soTeriC,2009/21,1,0
3soTeriC,2009/26,1,0
3soTeriC,2009/27,1,0
3soTeriC,2009/28,2,0
3soTeriC,2009/31,11,0
3soTeriC,2009/32,6,0
3soTeriC,2009/39,1,0
3soTeriC,2009/43,1,0
3soTeriC,2009/47,1,0
3soTeriC,2009/53,1,0
3soTeriC,2010/03,1,0
3soTeriC,2010/06,19,1
3soTeriC,2010/07,1,0
3soTeriC,2010/08,1,0
3soTeriC,2010/11,14,0
3soTeriC,2011/12,13,10
3soTeriC,2011/13,21,1
3soTeriC,2012/25,25,1
666Spawn,2009/22,14,0
666Spawn,2009/23,8,0
666Spawn,2009/24,12,0
666Spawn,2009/25,2,0
666Spawn,2009/26,5,0
666Spawn,2009/27,14,6
666Spawn,2009/29,9,0
666Spawn,2009/37,21,5
666Spawn,2009/39,25,3
666Spawn,2009/40,10,0
666Spawn,2009/53,15,8
666Spawn,2010/01,3,0
666Spawn,2010/15,13,2
AlexDrake,2015/17,15,1
AlexDrake,2015/27,32,2
AlexDrake,2015/29,19,3
AlexDrake,2015/30,2,0
AlexDrake,2015/31,31,11
AlexDrake,2015/32,33,1
AlexDrake,2015/53,2,0
AliciaSumpter,2013/08,3,2
AliciaSumpter,2013/09,7,2
AliciaSumpter,2013/10,7,0
AliciaSumpter,2013/11,8,4
AliciaSumpter,2013/13,8,0
AliciaSumpter,2013/14,17,0
AliciaSumpter,2013/15,2,0
AliciaSumpter,2013/16,5,0
AliciaSumpter,2013/17,2,0
AliciaSumpter,2013/18,4,0
AliciaSumpter,2013/19,5,0
AliciaSumpter,2013/22,15,1
AliciaSumpter,2013/25,1,0
AliciaSumpter,2013/26,7,1
AliciaSumpter,2013/29,1,0
AliciaSumpter,2013/30,1,0
AliciaSumpter,2013/33,2,0
AliciaSumpter,2013/40,1,0
AliciaSumpter,2013/42,2,0
AliciaSumpter,2013/43,1,0
AliciaSumpter,2013/45,9,0
AliciaSumpter,2013/49,2,0
AliciaSumpter,2014/07,3,0
AliciaSumpter,2014/08,2,1
AliciaSumpter,2014/11,3,1
AliciaSumpter,2014/12,8,0
AliciaSumpter,2014/14,2,0
AliciaSumpter,2014/15,2,0
AliciaSumpter,2014/23,3,0
Alza_Corp,2009/53,6,2
Alza_Corp,2010/01,101,15
Alza_Corp,2010/11,13,1
Alza_Corp,2010/12,6,0
Alza_Corp,2010/13,7,0
Alza_Corp,2010/16,1,0
Alza_Corp,2010/19,2,0
Alza_Corp,2010/26,7,0
Alza_Corp,2010/27,2,0
Alza_Corp,2010/40,7,0
Alza_Corp,2010/43,13,0
Andy_Cliff,2014/14,13,0
Andy_Cliff,2014/18,1,0
Andy_Cliff,2014/25,3,0
Andy_Cliff,2014/29,19,0
Andy_Cliff,2014/39,4,0
Andy_Cliff,2014/42,4,1
Andy_Cliff,2014/46,1,0
Andy_Cliff,2014/49,17,1
Andy_Cliff,2014/52,67,0
Andy_Cliff,2015/02,1,0
Andy_Cliff,2015/05,6,0
Andy_Cliff,2015/12,4,3
Andy_Cliff,2015/14,3,0
Andy_Cliff,2015/17,1,0
Andy_Cliff,2015/19,12,6
Andy_Cliff,2015/21,2,0
Andy_Cliff,2015/29,1,0
Andy_Cliff,2015/31,1,0
Andy_Cliff,2015/33,5,0
Andy_Cliff,2015/38,1,0
Andy_Cliff,2015/51,7,0
Ash568,2013/34,2,0
Ash568,2013/36,27,3
Ash568,2013/37,8,5
Ash568,2013/38,4,0
Ash568,2013/39,41,0
Ash568,2013/40,15,2
Ash568,2013/41,15,0
Ash568,2013/42,21,0
Ash568,2013/43,11,0
Ashimar,2011/21,12,2
Ashimar,2011/22,1,1
Ashimar,2011/23,9,1
Ashimar,2011/24,2,1
Ashimar,2011/26,4,2
Ashimar,2011/27,7,1
Ashimar,2011/28,8,1
Ashimar,2011/29,4,1
Ashimar,2011/30,7,1
Ashimar,2011/31,3,1
Ashimar,2011/33,20,1
Ashimar,2011/34,7,1
Ashimar,2011/35,14,2
Ashimar,2011/36,34,1
Ashimar,2011/37,11,1
Aurora7804,2009/43,36,0
Aurora7804,2009/44,33,0
Aurora7804,2009/45,30,0
Aurora7804,2010/04,14,0
Aurora7804,2010/05,48,13
Aurora7804,2010/06,8,2
BENecol,2014/51,6,0
BENecol,2014/52,4,0
BENecol,2015/04,12,0
BENecol,2015/09,7,0
BENecol,2015/10,26,0
BENecol,2015/11,23,0
BENecol,2015/15,1,0
BENecol,2015/27,5,5
BENecol,2015/31,18,6
BENecol,2015/39,49,3
BENecol,2015/53,25,1
BethTomlinson,2012/35,45,0
BethTomlinson,2012/36,12,1
BethTomlinson,2012/37,7,0
BethTomlinson,2012/38,14,1
BethTomlinson,2012/39,25,20
BethTomlinson,2012/41,1,0
BethTomlinson,2012/42,7,0
BethTomlinson,2012/45,5,0
BethTomlinson,2013/16,7,0
BethTomlinson,2015/41,11,0
Biddle127,2015/16,56,3
Biddle127,2015/17,15,0
Biddle127,2015/18,3,0
Biddle127,2015/20,3,0
Biddle127,2015/22,5,0
Biddle127,2015/23,22,0
Biddle127,2015/27,1,0
Biddle127,2015/35,7,7
Biddle127,2015/36,46,0
BlueDwaggin,2012/36,28,4
BlueDwaggin,2012/37,57,5
BlueDwaggin,2012/38,39,7
BlueDwaggin,2012/39,22,8
BlueDwaggin,2014/13,10,0
Bobbyroana,2010/17,32,1
Bobbyroana,2010/18,18,1
Bobbyroana,2010/19,48,19
Bobbyroana,2010/20,25,1
Bobbyroana,2010/21,1,0
Bobbyroana,2010/22,2,0
Bobbyroana,2010/23,12,0
BomBadillic,2013/52,32,0
BomBadillic,2014/01,6,0
BomBadillic,2014/16,43,2
BomBadillic,2015/29,69,8
Borellus,2016/04,48,1
Borellus,2016/05,68,0
Borellus,2016/08,5,0
Borellus,2016/09,2,0
Borellus,2016/11,17,17
Borellus,2016/12,1,0
Brandon-rocks,2011/03,11,0
Brandon-rocks,2011/05,19,0
Brandon-rocks,2011/13,17,0
Brandon-rocks,2011/14,66,26
Brandon-rocks,2011/36,22,22
BrandonCourage,2016/10,22,0
BrandonCourage,2016/11,95,9
BrandonCourage,2016/12,25,2
BrandonCourage,2016/13,4,0
Burtinator,2011/16,13,3
Burtinator,2011/17,2,0
Burtinator,2011/19,5,0
Burtinator,2011/20,12,1
Burtinator,2011/23,3,1
Burtinator,2011/25,14,1
Burtinator,2011/28,9,0
Burtinator,2011/31,70,12
Burtinator,2011/32,23,3
Burtinator,2011/33,10,0
Burtinator,2011/37,7,0
Burtinator,2011/41,3,0
CantFoolOwls,2012/34,61,0
CantFoolOwls,2012/35,71,2
CantFoolOwls,2012/36,22,9
CantFoolOwls,2012/37,1,0
CantFoolOwls,2012/52,4,0
CantFoolOwls,2013/19,4,0
CieleFu,2014/43,33,4
CieleFu,2014/44,14,0
CieleFu,2014/46,14,0
CieleFu,2014/47,4,0
CieleFu,2014/48,10,1
CieleFu,2014/49,25,1
CieleFu,2014/50,20,3
CieleFu,2014/51,12,2
CieleFu,2014/52,6,0
Craig450,2010/16,32,0
Craig450,2010/19,38,2
Craig450,2010/20,44,9
Craig450,2010/21,11,0
Craig450,2010/24,10,0
Craig450,2010/25,4,0
CrimsonCheeks27,2010/11,67,5
CrimsonCheeks27,2010/12,82,7
CrimsonCheeks27,2010/14,14,0
CrimsonCheeks27,2010/15,3,0
Da1e,2011/01,7,1
Da1e,2011/02,23,7
Da1e,2011/03,40,5
Da1e,2011/04,23,8
Da1e,2011/05,5,3
Da1e,2011/06,1,0
Da1e,2011/07,10,0
Da1e,2011/09,3,0
Da1e,2011/29,14,0
Da1e,2011/31,17,0
Daren68,2011/28,75,3
Daren68,2011/29,25,2
Daren68,2011/30,36,2
Daren68,2011/31,12,11
DarthDan,2016/07,1,0
DarthDan,2016/08,44,12
DarthDan,2016/10,4,1
DarthDan,2016/11,116,0
DarthDan,2016/12,15,0
DeanoMachino,2014/01,11,0
DeanoMachino,2014/50,93,5
DeanoMachino,2014/51,11,1
DeanoMachino,2014/52,31,2
DeanoMachino,2015/01,32,3
Deathbyplatypus,2010/30,14,0
Deathbyplatypus,2010/32,15,3
Deathbyplatypus,2011/17,8,0
Deathbyplatypus,2013/37,85,0
Deathbyplatypus,2013/38,16,11
Deathbyplatypus,2013/39,12,0
Deathbyplatypus,2013/42,8,0
Demigod1993,2012/50,42,0
Demigod1993,2012/51,21,0
Demigod1993,2012/52,15,8
Demigod1993,2013/02,69,2
Demigod1993,2013/03,1,0
DiabloLiam1212,2011/32,11,1
DiabloLiam1212,2011/33,6,0
DiabloLiam1212,2011/36,1,0
DiabloLiam1212,2011/41,26,0
DiabloLiam1212,2011/42,5,0
DiabloLiam1212,2011/44,9,0
DiabloLiam1212,2011/45,2,0
DiabloLiam1212,2011/48,6,0
DiabloLiam1212,2011/49,22,0
DiabloLiam1212,2012/01,7,0
DiabloLiam1212,2012/02,14,0
DiabloLiam1212,2012/03,16,12
DiabloLiam1212,2012/04,17,1
DiabloLiam1212,2012/05,6,0
Disasterplan,2016/09,12,0
Disasterplan,2016/10,27,1
Disasterplan,2016/11,10,0
Disasterplan,2016/12,51,24
Disasterplan,2016/13,37,1
Doyle-Doyle,2015/38,23,1
Doyle-Doyle,2015/39,78,25
Doyle-Doyle,2015/53,1,0
Doyle-Doyle,2016/10,23,0
Doyle-Doyle,2016/11,11,0
Doyle-Doyle,2016/13,15,0
EmergencyExit,2014/39,1,0
EmergencyExit,2014/40,6,1
EmergencyExit,2014/41,122,28
EmergencyExit,2014/42,1,0
EmergencyExit,2015/07,13,0
EmiweeHale,2013/19,5,0
EmiweeHale,2013/21,11,0
EmiweeHale,2013/23,1,0
EmiweeHale,2013/25,4,0
EmiweeHale,2013/26,6,0
EmiweeHale,2013/28,9,0
EmiweeHale,2013/29,43,8
EmiweeHale,2013/35,13,13
EmiweeHale,2013/37,28,3
EmiweeHale,2013/49,37,0
EmiweeHale,2014/09,1,0
EmiweeHale,2014/13,1,0
FUNKmillitia,2011/45,24,6
FUNKmillitia,2011/46,46,5
FUNKmillitia,2012/37,17,0
FUNKmillitia,2012/38,8,0
FUNKmillitia,2012/46,32,0
FUNKmillitia,2013/25,7,0
FUNKmillitia,2013/34,12,0
FUNKmillitia,2014/51,10,0
Gareeh,2016/07,20,1
Gareeh,2016/08,26,0
Gareeh,2016/09,26,6
Gareeh,2016/10,32,7
Gareeh,2016/11,9,0
Gareeh,2016/12,11,0
Gareeh,2016/13,38,0
Grace_Ox,2016/07,5,0
Grace_Ox,2016/09,102,14
Grace_Ox,2016/11,31,2
Grace_Ox,2016/12,2,0
Grace_Ox,2016/13,17,1
Groovurism,2011/37,32,5
Groovurism,2011/38,8,1
Groovurism,2011/39,77,6
Groovurism,2011/40,15,1
HenryBaines,2014/20,20,1
HenryBaines,2014/24,2,0
HenryBaines,2014/25,44,4
HenryBaines,2014/27,2,0
HenryBaines,2014/32,30,0
HenryBaines,2014/37,9,9
HenryBaines,2015/06,5,0
HenryBaines,2015/09,27,0
HenryBaines,2015/10,13,0
HenryBaines,2015/23,8,0
HenryBaines,2015/27,13,0
HenryBaines,2015/28,6,0
HenryBaines,2015/44,1,0
HetJammin,2014/19,15,4
HetJammin,2014/23,75,5
HetJammin,2014/37,65,3
HetJammin,2014/38,24,0
IYW,2015/47,26,1
IYW,2015/48,11,0
IYW,2015/49,76,14
IYW,2015/50,23,0
Jazzy_hall,2011/09,18,0
Jazzy_hall,2011/10,41,7
Jazzy_hall,2011/11,36,14
Jazzy_hall,2011/14,8,0
Jazzy_hall,2012/02,15,0
Jazzy_hall,2012/40,15,0
Jazzy_hall,2012/43,16,0
Jimbob3005,2011/43,32,2
Jimbob3005,2011/44,3,2
Jimbob3005,2012/02,64,19
Jimbob3005,2012/03,45,11
Jmoqueen,2012/12,18,0
Jmoqueen,2012/13,11,0
Jmoqueen,2012/14,18,0
Jmoqueen,2012/15,6,0
Jmoqueen,2012/17,6,0
Jmoqueen,2012/23,27,27
Jmoqueen,2012/25,1,0
Jmoqueen,2012/36,6,0
Jmoqueen,2012/39,31,1
Jmoqueen,2013/22,2,0
Jmoqueen,2014/17,4,0
Jmoqueen,2014/20,6,0
Jmoqueen,2014/22,22,1
Jmoqueen,2015/22,10,1
Jmoqueen,2015/26,5,0
Jodiewodiejo,2012/36,20,0
Jodiewodiejo,2012/42,16,1
Jodiewodiejo,2012/44,2,0
Jodiewodiejo,2012/46,73,0
Jodiewodiejo,2012/48,27,25
Jodiewodiejo,2012/52,2,0
Jodiewodiejo,2013/03,2,0
Jodiewodiejo,2013/31,27,1
Joe120,2015/02,9,0
Joe120,2015/08,31,5
Joe120,2015/10,34,8
Joe120,2015/12,2,0
Joe120,2015/13,13,2
Joe120,2015/18,1,0
Joe120,2015/22,7,0
Joe120,2015/24,22,3
Joe120,2015/25,10,10
Joe120,2015/29,2,0
Joe120,2015/30,17,0
Kaeroll,2010/26,28,9
Kaeroll,2010/27,107,13
Kaeroll,2010/28,9,0
Kaeroll,2010/29,12,1
Kal-Faegan,2016/11,67,1
Kal-Faegan,2016/12,32,0
Kal-Faegan,2016/13,45,1
Kal-Faegan,2016/14,32,8
Kelvin7,2015/49,31,0
Kelvin7,2015/50,24,0
Kelvin7,2015/51,14,0
Kelvin7,2015/52,15,0
Kelvin7,2015/53,17,0
Kelvin7,2016/05,12,0
Kelvin7,2016/06,9,9
Kelvin7,2016/07,21,16
Kennethcml,2011/03,21,0
Kennethcml,2011/04,57,0
Kennethcml,2011/05,24,3
Kennethcml,2011/06,9,9
Kennethcml,2011/07,7,0
Kennethcml,2011/08,33,0
Kennethcml,2011/09,1,0
Kirsteek,2011/25,26,6
Kirsteek,2011/27,1,0
Kirsteek,2011/28,23,4
Kirsteek,2011/29,13,1
Kirsteek,2011/32,13,0
Kirsteek,2012/40,61,14
Kung-Fu_Devil,2012/01,7,1
Kung-Fu_Devil,2012/37,5,0
Kung-Fu_Devil,2012/48,1,0
Kung-Fu_Devil,2012/52,11,1
Kung-Fu_Devil,2013/07,7,0
Kung-Fu_Devil,2013/08,3,0
Kung-Fu_Devil,2013/09,2,0
Kung-Fu_Devil,2013/16,2,0
Kung-Fu_Devil,2013/19,24,1
Kung-Fu_Devil,2013/21,4,0
Kung-Fu_Devil,2013/22,11,1
Kung-Fu_Devil,2013/27,1,0
Kung-Fu_Devil,2013/29,18,0
Kung-Fu_Devil,2013/30,22,8
Kung-Fu_Devil,2013/31,9,0
Kung-Fu_Devil,2013/32,16,0
Laceyful,2015/48,4,0
Laceyful,2015/50,27,0
Laceyful,2015/51,29,0
Laceyful,2015/52,25,1
Laceyful,2015/53,9,9
Laceyful,2016/01,2,2
Laceyful,2016/02,63,0
Lenatalia,2012/26,4,0
Lenatalia,2012/29,3,0
Lenatalia,2012/34,8,0
Lenatalia,2012/35,11,0
Lenatalia,2012/37,4,0
Lenatalia,2012/40,4,4
Lenatalia,2012/52,10,9
Lenatalia,2013/04,20,1
Lenatalia,2013/06,28,3
Lenatalia,2013/12,1,0
Lenatalia,2013/16,10,1
Lenatalia,2013/19,12,0
Lenatalia,2013/20,18,13
Lenatalia,2013/21,3,3
Lenatalia,2013/31,11,11
LibraryMatt,2015/12,7,1
LibraryMatt,2015/13,119,5
LibraryMatt,2015/22,28,10
LibraryMatt,2016/10,21,0
LilSparkliBunni,2010/33,43,0
LilSparkliBunni,2010/34,9,0
LilSparkliBunni,2010/35,16,0
LilSparkliBunni,2010/38,10,1
LilSparkliBunni,2010/39,3,3
LilSparkliBunni,2010/42,12,12
LilSparkliBunni,2010/52,7,0
LilSparkliBunni,2011/01,7,0
LilSparkliBunni,2011/05,33,0
LilSparkliBunni,2011/06,23,0
LilySparks,2010/05,17,1
LilySparks,2010/07,4,0
LilySparks,2010/08,3,1
LilySparks,2010/10,1,0
LilySparks,2010/12,1,0
LilySparks,2010/13,7,0
LilySparks,2010/14,24,0
LilySparks,2010/15,1,0
LilySparks,2010/16,8,0
LilySparks,2010/18,44,10
LilySparks,2010/20,9,0
LilySparks,2010/21,16,0
LilySparks,2010/22,8,0
LilySparks,2010/24,5,0
LilySparks,2010/30,1,0
Lixypie,2012/19,33,3
Lixypie,2012/24,93,9
Lixypie,2012/26,49,2
Lixypie,2013/12,1,0
Lulu_Natasha,2014/36,45,5
Lulu_Natasha,2014/37,31,2
Lulu_Natasha,2014/38,7,0
Lulu_Natasha,2014/45,12,4
Lulu_Natasha,2014/46,5,0
Lulu_Natasha,2015/16,5,0
Lulu_Natasha,2015/20,6,0
Lulu_Natasha,2015/30,40,5
Lulu_Natasha,2016/02,6,0
LunarScope,2012/49,38,1
LunarScope,2012/50,43,2
LunarScope,2012/51,19,0
LunarScope,2012/52,46,8
LunarScope,2013/01,1,0
MattMuse55,2015/05,3,0
MattMuse55,2015/22,25,3
MattMuse55,2015/23,11,0
MattMuse55,2015/24,95,13
Matthew66,2012/33,16,0
Matthew66,2012/50,19,0
Matthew66,2015/19,43,22
Matthew66,2015/20,10,0
Matthew66,2015/24,3,0
Matthew66,2015/27,14,0
Matthew66,2015/28,5,2
Matthew66,2015/29,11,0
Matthew66,2015/33,18,1
Matthew66,2015/38,7,0
Matthew66,2015/39,1,0
Matthew66,2015/42,25,0
Matthew66,2015/48,1,0
MatthiasEdgar,2014/23,8,0
MatthiasEdgar,2014/24,80,10
MatthiasEdgar,2014/25,56,7
MatthiasEdgar,2014/26,32,0
MatthiasEdgar,2015/24,6,0
MicrocutsAC,2013/21,46,10
MicrocutsAC,2013/33,7,1
MicrocutsAC,2013/35,3,0
MicrocutsAC,2013/39,17,0
MicrocutsAC,2013/43,16,0
MicrocutsAC,2013/48,37,11
MicrocutsAC,2013/49,12,0
MicrocutsAC,2014/45,4,0
Mintyme,2015/29,79,1
Mintyme,2015/30,10,0
Mintyme,2015/31,8,0
Mintyme,2015/53,80,12
Mintyme,2016/05,4,0
MissHelenT,2012/07,42,2
MissHelenT,2012/08,2,0
MissHelenT,2012/09,34,4
MissHelenT,2012/30,33,0
MissHelenT,2012/32,5,0
MissHelenT,2012/40,11,11
MissHelenT,2012/45,5,0
MissHelenT,2012/47,9,0
MissHelenT,2013/17,11,1
MissHelenT,2013/31,24,1
MissHelenT,2013/51,1,0
MisterMouse,2013/50,109,25
MisterMouse,2013/51,46,11
MisterMouse,2013/52,40,1
MisterMouse,2014/01,1,0
Monts440,2014/19,17,0
Monts440,2014/20,10,0
Monts440,2014/21,38,0
Monts440,2014/36,10,0
Monts440,2014/37,10,0
Monts440,2014/38,21,1
Monts440,2014/46,29,0
Monts440,2014/47,7,0
Monts440,2014/48,16,0
Monts440,2015/09,15,0
Monts440,2015/25,23,11
Mr_Softie,2009/40,30,2
Mr_Softie,2009/41,19,2
Mr_Softie,2009/42,53,3
Mr_Softie,2009/43,3,0
Mr_Softie,2009/44,1,0
Mr_Softie,2009/46,7,0
Mr_Softie,2009/48,3,0
Mr_Softie,2009/52,4,1
Mr_Softie,2010/07,55,3
Mr_Softie,2010/14,1,0
Mr_Softie,2010/19,1,0
Mr_Softie,2010/37,1,0
Mr_Softie,2011/27,1,0
Navarre0,2010/19,7,0
Navarre0,2010/20,1,0
Navarre0,2010/23,73,4
Navarre0,2010/24,46,8
Navarre0,2010/25,5,0
NekuraManji,2015/08,3,0
NekuraManji,2015/09,9,0
NekuraManji,2015/14,5,0
NekuraManji,2015/17,4,0
NekuraManji,2015/21,12,0
NekuraManji,2015/24,5,0
NekuraManji,2015/26,5,0
NekuraManji,2015/27,17,0
NekuraManji,2015/29,13,7
NekuraManji,2015/30,14,0
NekuraManji,2015/31,8,0
NekuraManji,2015/32,15,3
NekuraManji,2015/33,5,0
NekuraManji,2015/34,5,0
NekuraManji,2015/35,10,0
NekuraManji,2015/36,8,0
NekuraManji,2015/38,18,0
NekuraManji,2015/39,12,0
Nhojissimus,2010/49,10,0
Nhojissimus,2010/50,24,0
Nhojissimus,2010/51,1,0
Nhojissimus,2011/11,1,0
Nhojissimus,2012/24,1,0
Nhojissimus,2012/25,5,0
Nhojissimus,2012/26,12,0
Nhojissimus,2012/31,5,0
Nhojissimus,2013/07,6,0
Nhojissimus,2013/21,1,0
Nhojissimus,2013/24,1,0
Nhojissimus,2013/25,1,0
Nhojissimus,2013/30,2,0
Nhojissimus,2013/31,5,0
Nhojissimus,2013/32,22,0
Nhojissimus,2013/34,1,0
Nhojissimus,2013/36,3,1
Nhojissimus,2014/05,8,0
Nhojissimus,2014/11,3,0
Nhojissimus,2014/17,1,0
Nhojissimus,2014/44,4,0
Nhojissimus,2015/03,9,0
Nhojissimus,2015/18,19,0
Nhojissimus,2015/22,3,0
Nhojissimus,2015/38,10,10
NickTuck,2010/41,1,0
NickTuck,2010/42,24,9
NickTuck,2010/43,27,3
NickTuck,2010/44,23,0
NickTuck,2010/45,55,1
Noobleton,2015/35,43,14
Noobleton,2015/44,13,0
Noobleton,2015/45,6,6
Noobleton,2015/46,50,0
Noobleton,2015/47,16,0
Noobleton,2015/48,3,3
Noobleton,2016/03,7,0
Noobleton,2016/12,13,0
Noobleton,2016/13,18,0
O8lewisjos,2013/31,68,2
O8lewisjos,2013/32,57,9
O8lewisjos,2013/33,14,0
O8lewisjos,2013/34,9,0
OmgDibble,2011/11,15,3
OmgDibble,2011/14,51,1
OmgDibble,2011/15,90,7
OmgDibble,2011/16,5,2
OmgDibble,2011/17,2,0
Ordinary-Monkey,2016/08,36,0
Ordinary-Monkey,2016/09,31,0
Ordinary-Monkey,2016/10,38,0
Ordinary-Monkey,2016/12,28,6
Ordinary-Monkey,2016/14,30,30
PhilSlot,2015/39,3,0
PhilSlot,2015/47,26,2
PhilSlot,2015/48,130,10
PhilSlot,2015/49,23,0
PhilSlot,2015/50,10,0
Philismyname,2016/04,41,0
Philismyname,2016/05,15,0
Philismyname,2016/07,1,0
Philismyname,2016/08,4,0
Philismyname,2016/09,2,0
Philismyname,2016/11,19,15
Philismyname,2016/12,44,0
Philismyname,2016/13,26,0
Philismyname,2016/14,42,7
PieForSlipper,2010/46,2,1
PieForSlipper,2010/47,22,2
PieForSlipper,2010/48,28,0
PieForSlipper,2010/49,13,0
PieForSlipper,2010/50,15,1
PieForSlipper,2010/52,16,2
PieForSlipper,2011/03,9,1
PieForSlipper,2011/04,10,1
PieForSlipper,2011/05,1,0
PieForSlipper,2011/06,20,2
PieForSlipper,2011/07,17,1
Pixaul,2014/05,67,0
Pixaul,2014/06,61,1
Pixaul,2014/09,10,1
Pixaul,2014/13,1,0
Pixaul,2014/25,4,0
Pixaul,2014/29,2,1
Pixaul,2014/33,3,0
Pixaul,2014/44,5,1
Pixaul,2015/13,11,7
PrincessJude,2015/23,28,0
PrincessJude,2015/27,25,0
PrincessJude,2015/29,4,0
PrincessJude,2015/30,39,9
PrincessJude,2015/31,9,1
PrincessJude,2015/34,19,2
PrincessJude,2015/36,45,0
PrincessJude,2015/41,4,0
Puck_Head,2011/37,15,0
Puck_Head,2011/38,28,6
Puck_Head,2011/39,6,0
Puck_Head,2011/44,2,0
Puck_Head,2012/14,5,0
Puck_Head,2012/17,4,0
Puck_Head,2012/28,18,0
Puck_Head,2012/34,14,0
Puck_Head,2012/40,18,17
Puck_Head,2013/16,4,0
Puck_Head,2013/23,29,0
Puck_Head,2014/33,2,0
PurePolitePale,2015/19,9,0
PurePolitePale,2015/20,9,0
PurePolitePale,2015/22,49,0
PurePolitePale,2015/23,12,4
PurePolitePale,2015/24,17,13
PurePolitePale,2015/30,11,0
PurePolitePale,2015/32,25,0
PurePolitePale,2015/34,1,0
PurePolitePale,2015/50,3,0
PurePolitePale,2016/04,4,0
PurePolitePale,2016/07,9,0
RACooperman,2009/30,73,0
RACooperman,2009/31,9,0
RACooperman,2009/33,1,0
RACooperman,2009/38,8,0
RACooperman,2009/41,11,11
RACooperman,2010/13,35,2
Redbaron123,2009/41,6,2
Redbaron123,2009/42,48,20
Redbaron123,2010/02,1,0
Redbaron123,2010/04,48,2
Redbaron123,2010/08,13,0
Redbaron123,2010/10,4,0
Redbaron123,2010/12,19,0
Redbaron123,2010/37,47,0
Renard99,2015/42,50,5
Renard99,2015/47,35,0
Renard99,2015/48,1,0
Renard99,2015/50,1,0
Renard99,2015/52,1,0
Renard99,2016/06,1,0
Renard99,2016/08,42,0
Renard99,2016/09,22,1
Renard99,2016/10,9,0
Renard99,2016/11,5,5
Renard99,2016/13,1,0
Rissared,2010/18,1,0
Rissared,2010/19,16,0
Rissared,2010/20,3,0
Rissared,2010/21,25,0
Rissared,2010/22,2,0
Rissared,2010/24,20,0
Rissared,2010/28,1,1
Rissared,2010/29,5,5
Rissared,2010/30,2,0
Rissared,2010/32,8,4
Rissared,2010/33,13,0
Rissared,2010/34,6,0
Rissared,2010/35,29,0
SPCotter,2016/10,83,0
SPCotter,2016/11,29,0
SPCotter,2016/12,3,0
SPCotter,2016/13,21,7
SPCotter,2016/14,26,26
SarahChiefette,2015/22,2,0
SarahChiefette,2015/23,40,0
SarahChiefette,2015/24,31,8
SarahChiefette,2015/30,6,6
SarahChiefette,2015/34,43,0
SarahChiefette,2016/05,16,10
SarahChiefette,2016/07,18,0
Saymantha,2009/39,19,9
Saymantha,2009/42,9,0
Saymantha,2009/43,9,1
Saymantha,2009/44,1,0
Saymantha,2009/46,37,4
Saymantha,2009/47,1,0
Saymantha,2009/50,13,0
Saymantha,2009/51,36,0
Saymantha,2009/53,4,0
Saymantha,2010/03,4,0
Saymantha,2010/13,1,0
Saymantha,2011/51,2,0
Saymantha,2012/02,11,0
Saymantha,2012/03,6,0
Saymantha,2012/19,2,0
Sean-C-7,2012/29,45,0
Sean-C-7,2012/30,16,0
Sean-C-7,2012/41,4,0
Sean-C-7,2012/42,4,0
Sean-C-7,2013/03,33,0
Sean-C-7,2013/04,16,2
Sean-C-7,2013/05,34,9
Sean-C-7,2013/06,2,0
Sebastien_SAFC,2014/41,10,0
Sebastien_SAFC,2014/42,4,0
Sebastien_SAFC,2015/01,43,0
Sebastien_SAFC,2015/04,27,0
Sebastien_SAFC,2015/06,16,0
Sebastien_SAFC,2015/08,8,0
Sebastien_SAFC,2015/09,1,0
Sebastien_SAFC,2015/15,7,0
Sebastien_SAFC,2015/16,1,0
Sebastien_SAFC,2015/18,1,0
Sebastien_SAFC,2015/22,1,0
Sebastien_SAFC,2015/23,1,1
Sebastien_SAFC,2015/24,10,10
Sirkent,2015/23,2,0
Sirkent,2015/25,13,11
Sirkent,2015/29,6,0
Sirkent,2015/32,3,0
Sirkent,2015/33,37,0
Sirkent,2015/34,11,0
Sirkent,2015/35,3,0
Sirkent,2015/44,9,0
Sirkent,2015/46,21,0
Sirkent,2015/51,13,0
Sirkent,2015/53,3,0
Sirkent,2016/08,18,1
Sirkent,2016/11,2,0
StarstruckAngel,2012/36,1,0
StarstruckAngel,2012/37,79,19
StarstruckAngel,2012/40,44,13
StarstruckAngel,2012/41,16,1
StarstruckAngel,2012/42,14,3
StarstruckAngel,2012/45,9,0
StarstruckAngel,2014/07,2,0
StaticVeins,2015/06,20,0
StaticVeins,2015/07,4,0
StaticVeins,2015/21,6,6
StaticVeins,2015/23,35,28
StaticVeins,2015/24,3,2
StaticVeins,2015/26,2,0
StaticVeins,2015/27,15,0
StaticVeins,2015/29,18,0
StaticVeins,2015/33,11,0
StaticVeins,2015/43,2,0
StaticVeins,2015/45,5,0
StaticVeins,2015/46,7,0
StaticVeins,2015/52,11,0
StaticVeins,2016/01,4,0
StaticVeins,2016/02,16,0
Suicidal_Steve,2009/32,10,0
Suicidal_Steve,2009/37,1,0
Suicidal_Steve,2009/38,4,4
Suicidal_Steve,2009/43,8,2
Suicidal_Steve,2009/44,3,1
Suicidal_Steve,2009/48,4,0
Suicidal_Steve,2010/03,24,0
Suicidal_Steve,2010/06,5,0
Suicidal_Steve,2010/09,24,0
Suicidal_Steve,2010/10,30,11
Suicidal_Steve,2010/12,16,0
Suicidal_Steve,2010/14,1,0
Suicidal_Steve,2010/17,6,0
Supm8s,2009/31,3,1
Supm8s,2009/38,2,0
Supm8s,2009/39,8,0
Supm8s,2009/43,17,0
Supm8s,2009/50,8,0
Supm8s,2010/01,3,0
Supm8s,2010/08,1,0
Supm8s,2010/10,5,0
Supm8s,2010/11,63,8
Supm8s,2010/12,22,2
Supm8s,2010/15,7,0
Supm8s,2010/20,6,0
Supm8s,2010/21,1,0
Supm8s,2010/27,9,0
Supm8s,2010/33,5,0
Supm8s,2011/49,8,0
TYLER_4,2010/34,3,0
TYLER_4,2010/35,65,17
TYLER_4,2010/40,2,0
TYLER_4,2010/42,1,0
TYLER_4,2010/48,3,0
TYLER_4,2010/49,10,0
TYLER_4,2011/01,7,0
TYLER_4,2011/02,10,0
TYLER_4,2011/03,11,0
TYLER_4,2011/06,3,0
TYLER_4,2011/07,16,0
TYLER_4,2011/08,2,0
TYLER_4,2011/13,1,0
TYLER_4,2011/14,12,1
TYLER_4,2011/18,1,0
TayTayRVD,2013/24,9,1
TayTayRVD,2013/27,8,1
TayTayRVD,2013/29,116,9
TayTayRVD,2013/30,4,0
TayTayRVD,2013/31,20,1
TayTayRVD,2013/32,1,0
TayTayRVD,2013/43,6,2
TheBearsome,2012/34,1,0
TheBearsome,2012/35,26,1
TheBearsome,2012/39,28,0
TheBearsome,2012/40,5,5
TheBearsome,2012/41,67,2
TheBearsome,2012/44,14,2
TheBearsome,2013/06,2,0
TheBearsome,2013/10,1,0
TheRealMez,2011/46,6,1
TheRealMez,2011/47,20,2
TheRealMez,2011/48,3,0
TheRealMez,2011/49,39,5
TheRealMez,2011/52,23,3
TheRealMez,2012/01,26,5
TheRealMez,2012/03,3,1
TheRealMez,2012/04,2,0
TheRealMez,2012/05,31,2
Thracian,2016/10,9,0
Thracian,2016/11,11,0
Thracian,2016/12,54,14
Thracian,2016/14,87,6
Thracian,2016/15,15,0
Tombirculosis,2016/06,40,0
Tombirculosis,2016/07,18,3
Tombirculosis,2016/08,13,1
Tombirculosis,2016/09,43,1
Tombirculosis,2016/10,13,3
Tombirculosis,2016/11,4,3
Umwongo,2016/04,109,6
Umwongo,2016/06,7,5
Umwongo,2016/07,16,14
Umwongo,2016/08,9,8
Vivace_Orbit,2010/26,10,0
Vivace_Orbit,2010/27,16,0
Vivace_Orbit,2010/28,8,0
Vivace_Orbit,2010/31,46,0
Vivace_Orbit,2010/35,9,9
Vivace_Orbit,2010/37,1,0
Vivace_Orbit,2010/39,14,0
Vivace_Orbit,2010/40,19,1
Vivace_Orbit,2010/41,10,0
Vivace_Orbit,2010/49,8,0
Vivace_Orbit,2011/03,20,0
WeirdFaerie,2012/24,20,2
WeirdFaerie,2012/31,11,0
WeirdFaerie,2012/33,4,4
WeirdFaerie,2012/34,7,0
WeirdFaerie,2012/39,12,0
WeirdFaerie,2012/40,10,10
WeirdFaerie,2012/41,3,2
WeirdFaerie,2012/43,25,0
WeirdFaerie,2012/44,13,0
WeirdFaerie,2012/46,57,0
WizardParadox,2013/14,79,1
WizardParadox,2013/15,16,1
WizardParadox,2013/18,12,12
WizardParadox,2013/19,5,0
WizardParadox,2013/21,16,0
WizardParadox,2015/06,42,3
WizardParadox,2015/20,3,0
X_Fayli_X,2010/26,4,2
X_Fayli_X,2010/27,49,6
X_Fayli_X,2010/35,6,6
X_Fayli_X,2010/44,15,1
X_Fayli_X,2010/45,32,6
X_Fayli_X,2011/03,37,2
X_Fayli_X,2011/20,1,0
Zaphod69,2016/07,6,0
Zaphod69,2016/08,20,0
Zaphod69,2016/09,6,0
Zaphod69,2016/10,3,0
Zaphod69,2016/11,39,0
Zaphod69,2016/12,32,0
Zaphod69,2016/13,7,0
Zaphod69,2016/14,64,16
Zaphod69,2016/15,5,4
__kali__,2011/29,22,0
__kali__,2011/31,88,13
__kali__,2011/32,57,15
__kali__,2011/44,10,0
__kali__,2011/51,5,0
alfie_1991,2015/21,13,5
alfie_1991,2015/22,1,0
alfie_1991,2015/30,9,0
alfie_1991,2015/31,7,0
alfie_1991,2015/32,52,5
alfie_1991,2015/33,18,0
alfie_1991,2015/34,14,0
alfie_1991,2015/35,24,0
alfie_1991,2015/36,2,0
alfie_1991,2015/37,5,0
andrew_ackrell,2009/25,11,0
andrew_ackrell,2009/27,6,0
andrew_ackrell,2009/28,2,0
andrew_ackrell,2009/42,11,0
andrew_ackrell,2009/44,1,0
andrew_ackrell,2009/46,16,0
andrew_ackrell,2009/47,43,5
andrew_ackrell,2009/48,6,4
andrew_ackrell,2009/50,12,0
andrew_ackrell,2010/02,8,0
andrew_ackrell,2010/06,52,28
andrew_ackrell,2010/09,3,0
andrew_ackrell,2010/10,2,0
andrew_ackrell,2010/45,2,0
andrew_ackrell,2011/14,1,0
andrew_ackrell,2012/49,5,0
andymason89,2010/26,1,0
andymason89,2010/30,37,2
andymason89,2010/38,121,8
andymason89,2010/39,4,0
anrky4000,2010/24,80,0
anrky4000,2010/25,23,0
anrky4000,2010/26,16,0
anrky4000,2010/27,6,0
anrky4000,2010/30,13,13
anrky4000,2010/44,9,2
anrky4000,2010/52,20,0
anrky4000,2011/01,8,0
arranwicher,2010/12,4,4
arranwicher,2010/13,6,6
arranwicher,2010/14,8,0
arranwicher,2010/15,8,3
arranwicher,2010/16,30,13
arranwicher,2010/17,23,1
arranwicher,2010/18,12,0
arranwicher,2010/19,11,0
arranwicher,2010/20,2,0
arranwicher,2010/21,39,4
arranwicher,2010/22,2,0
ash_walker,2011/22,21,0
ash_walker,2011/23,55,5
ash_walker,2011/24,26,9
ash_walker,2011/25,35,0
ash_walker,2011/26,14,0
ashleighleanne,2010/30,37,3
ashleighleanne,2010/31,12,0
ashleighleanne,2010/34,14,0
ashleighleanne,2010/35,26,20
ashleighleanne,2010/42,52,1
barche,2016/01,2,0
barche,2016/03,14,12
barche,2016/06,5,0
barche,2016/07,4,0
barche,2016/09,41,0
barche,2016/10,23,0
barche,2016/11,23,11
barche,2016/12,34,0
bellacollana,2012/08,14,0
bellacollana,2012/09,6,0
bellacollana,2012/11,1,0
bellacollana,2012/12,13,0
bellacollana,2012/13,10,0
bellacollana,2012/14,3,0
bellacollana,2012/15,4,4
bellacollana,2012/17,2,0
bellacollana,2012/18,1,0
bellacollana,2012/20,6,0
bellacollana,2012/22,1,0
bellacollana,2013/05,3,0
bellacollana,2013/35,2,0
bellacollana,2014/04,1,0
bellacollana,2014/31,4,0
bellacollana,2014/32,32,1
bellacollana,2014/33,13,0
bellacollana,2014/34,21,0
bellacollana,2014/35,1,0
bellacollana,2014/37,3,0
bellacollana,2014/41,1,0
bellacollana,2014/42,3,0
bellacollana,2014/46,7,0
bellacollana,2014/47,7,3
bellacollana,2015/03,1,0
bellacollana,2015/23,1,0
bellacollana,2015/24,10,10
bellacollana,2015/32,1,0
biscuitbrains,2009/38,50,0
biscuitbrains,2009/39,17,0
biscuitbrains,2009/40,41,11
biscuitbrains,2009/41,10,0
biscuitbrains,2009/48,2,0
biscuitbrains,2009/50,5,0
biscuitbrains,2009/51,1,0
biscuitbrains,2010/04,8,1
bradleyem,2016/04,22,0
bradleyem,2016/05,33,0
bradleyem,2016/06,1,1
bradleyem,2016/08,1,0
bradleyem,2016/09,9,0
bradleyem,2016/10,61,10
bradleyem,2016/11,22,0
carlwalton,2015/03,20,8
carlwalton,2015/04,1,0
carlwalton,2015/08,6,0
carlwalton,2015/09,2,0
carlwalton,2015/11,5,0
carlwalton,2015/12,24,0
carlwalton,2015/27,49,1
carlwalton,2015/29,13,3
carlwalton,2015/30,11,0
carlwalton,2015/31,3,0
carlwalton,2015/32,19,3
carlwalton,2015/34,1,0
carlyannetonner,2012/25,11,0
carlyannetonner,2012/26,3,0
carlyannetonner,2012/29,12,0
carlyannetonner,2012/32,1,0
carlyannetonner,2012/50,18,0
carlyannetonner,2013/01,1,0
carlyannetonner,2013/10,16,1
carlyannetonner,2013/15,3,0
carlyannetonner,2013/19,2,0
carlyannetonner,2013/21,10,0
carlyannetonner,2013/24,6,2
carlyannetonner,2013/29,13,2
carlyannetonner,2013/31,31,9
carlyannetonner,2014/11,4,0
charlycrash,2014/20,7,2
charlycrash,2014/21,5,0
charlycrash,2014/23,19,0
charlycrash,2014/24,3,0
charlycrash,2014/25,12,0
charlycrash,2014/26,14,3
charlycrash,2014/28,31,0
charlycrash,2014/30,5,0
charlycrash,2014/31,3,0
charlycrash,2014/32,5,0
charlycrash,2014/35,18,8
charlycrash,2014/36,3,0
charlycrash,2014/37,4,2
charlycrash,2014/38,4,0
charlycrash,2014/39,18,1
charlycrash,2014/40,3,2
chinko,2014/08,16,16
chinko,2014/11,34,0
chinko,2014/12,13,0
chinko,2014/13,9,0
chinko,2014/14,30,0
chinko,2014/16,32,1
citizenerased16,2013/44,12,12
citizenerased16,2013/45,33,0
citizenerased16,2013/51,42,6
citizenerased16,2013/52,13,8
citizenerased16,2015/23,15,0
citizenerased16,2016/11,24,0
ciudadano_d,2010/29,39,15
ciudadano_d,2010/30,40,1
ciudadano_d,2010/31,38,0
ciudadano_d,2010/33,24,1
ciudadano_d,2010/34,4,0
ciudadano_d,2010/35,22,0
clockworkpurple,2010/25,12,10
clockworkpurple,2010/35,100,3
clockworkpurple,2010/37,32,1
clockworkpurple,2010/38,30,0
clockworkpurple,2011/41,10,0
coheed87,2015/51,18,11
coheed87,2015/52,54,5
coheed87,2015/53,43,0
coheed87,2016/01,25,0
coheed87,2016/11,31,0
craigy_mac,2015/43,9,0
craigy_mac,2015/50,21,2
craigy_mac,2015/51,141,9
craigy_mac,2015/52,3,0
dAvik42,2011/17,6,0
dAvik42,2011/18,30,1
dAvik42,2011/19,15,0
dAvik42,2011/22,35,21
dAvik42,2011/23,13,0
dAvik42,2011/25,10,0
dAvik42,2011/27,13,1
dAvik42,2011/29,19,0
daniellebeeson,2012/23,60,13
daniellebeeson,2012/25,28,0
daniellebeeson,2012/26,21,3
daniellebeeson,2012/27,16,0
daniellebeeson,2012/28,18,0
daniellebeeson,2012/29,2,0
daniellebeeson,2012/31,3,0
daniellebeeson,2012/33,17,0
danshq,2010/44,7,0
danshq,2010/45,55,6
danshq,2010/48,11,0
danshq,2010/50,93,6
danshq,2011/47,4,0
deadstar37,2015/39,29,2
deadstar37,2015/40,24,1
deadstar37,2015/41,42,3
deadstar37,2015/42,40,19
deadstar37,2015/45,1,0
deadstar37,2015/50,21,0
deadstar37,2016/03,17,0
deadstar37,2016/04,9,0
djcati,2014/06,75,10
djcati,2014/07,77,2
djcati,2014/08,9,0
djcati,2014/09,1,1
dreamyourealive,2015/39,68,23
dreamyourealive,2015/40,22,6
dreamyourealive,2015/41,5,0
dreamyourealive,2015/42,17,0
dreamyourealive,2015/47,9,0
dreamyourealive,2016/06,7,0
dreamyourealive,2016/07,14,9
dreamyourealive,2016/11,1,0
dunkster,2016/04,2,1
dunkster,2016/05,6,0
dunkster,2016/06,8,0
dunkster,2016/07,17,5
dunkster,2016/08,8,0
dunkster,2016/09,33,3
dunkster,2016/10,6,1
dunkster,2016/11,29,1
dunkster,2016/12,16,0
dunkster,2016/13,23,2
dupingdelight,2013/28,15,0
dupingdelight,2013/29,3,0
dupingdelight,2013/30,81,68
dupingdelight,2013/31,11,1
dupingdelight,2013/33,3,0
dupingdelight,2013/34,1,0
dupingdelight,2013/37,2,0
dupingdelight,2013/42,5,0
dupingdelight,2014/01,16,0
dupingdelight,2014/23,22,0
dupingdelight,2014/29,1,0
dwaddington,2015/38,11,0
dwaddington,2015/39,31,0
dwaddington,2015/43,32,12
dwaddington,2015/44,10,10
dwaddington,2015/47,34,0
dwaddington,2016/11,29,0
earthlydelites,2009/44,40,0
earthlydelites,2009/45,17,8
earthlydelites,2009/46,22,0
earthlydelites,2010/17,12,0
earthlydelites,2010/22,40,25
earthlydelites,2010/29,2,0
enasnimark,2011/34,20,2
enasnimark,2011/35,53,1
enasnimark,2011/37,6,0
enasnimark,2011/40,2,0
enasnimark,2011/45,19,0
enasnimark,2012/06,7,0
enasnimark,2012/10,1,0
enasnimark,2012/20,26,5
enasnimark,2012/22,5,0
enasnimark,2012/24,12,0
enasnimark,2012/33,3,2
enasnimark,2012/35,20,0
enasnimark,2012/43,1,0
ermmgem,2012/19,34,0
ermmgem,2012/22,11,0
ermmgem,2012/23,55,0
ermmgem,2012/25,34,3
ermmgem,2012/26,13,0
ermmgem,2012/44,25,25
ermmgem,2012/47,2,0
ermmgem,2013/03,3,0
ffionsgay,2016/08,2,1
ffionsgay,2016/09,42,9
ffionsgay,2016/10,26,3
ffionsgay,2016/11,27,1
ffionsgay,2016/12,43,2
ffionsgay,2016/13,14,0
firked,2009/36,6,0
firked,2009/37,15,12
firked,2009/38,46,2
firked,2009/39,7,0
firked,2009/40,30,10
firked,2009/42,20,0
firked,2009/43,2,0
firked,2009/45,1,0
firked,2010/06,58,0
flashstepandy,2012/50,41,7
flashstepandy,2012/51,3,0
flashstepandy,2012/52,2,0
flashstepandy,2013/01,6,0
flashstepandy,2013/02,5,0
flashstepandy,2013/03,54,2
flashstepandy,2013/04,27,0
flashstepandy,2013/05,18,2
flashstepandy,2013/34,5,0
flytopia,2010/16,13,1
flytopia,2010/17,54,8
flytopia,2010/18,63,1
flytopia,2010/25,52,1
flytopia,2010/52,1,0
followiill,2010/42,3,0
followiill,2010/43,11,7
followiill,2010/44,9,1
followiill,2010/45,11,4
followiill,2010/46,34,2
followiill,2011/10,1,0
followiill,2011/14,10,0
followiill,2011/18,10,0
followiill,2012/02,42,1
gavbaby,2015/53,3,0
gavbaby,2016/01,28,0
gavbaby,2016/03,3,0
gavbaby,2016/04,22,0
gavbaby,2016/05,23,0
gavbaby,2016/06,9,7
gavbaby,2016/07,3,0
gavbaby,2016/08,13,10
gavbaby,2016/10,29,0
gavbaby,2016/11,5,0
gavbaby,2016/12,2,0
gavbaby,2016/13,9,0
gboyers,2015/43,11,0
gboyers,2015/44,5,0
gboyers,2015/45,17,12
gboyers,2015/46,22,0
gboyers,2015/47,8,2
gboyers,2015/48,53,4
gboyers,2015/49,34,2
gboyers,2015/50,2,0
gboyers,2016/01,4,0
getmeoutofhere,2011/52,5,1
getmeoutofhere,2012/05,4,0
getmeoutofhere,2012/06,15,0
getmeoutofhere,2012/11,34,0
getmeoutofhere,2012/12,22,0
getmeoutofhere,2012/13,7,3
getmeoutofhere,2012/14,2,0
getmeoutofhere,2012/17,11,0
getmeoutofhere,2012/18,2,1
getmeoutofhere,2012/31,12,0
getmeoutofhere,2012/32,37,0
getmeoutofhere,2012/40,13,13
geztival,2013/25,7,4
geztival,2013/26,35,0
geztival,2013/33,5,0
geztival,2013/34,8,0
geztival,2013/35,3,0
geztival,2013/37,13,0
geztival,2013/38,2,0
geztival,2013/44,5,0
geztival,2013/45,6,0
geztival,2013/47,9,0
geztival,2013/48,8,0
geztival,2013/49,5,0
geztival,2014/23,3,0
geztival,2014/29,10,0
geztival,2014/30,7,0
geztival,2014/38,12,0
geztival,2015/03,11,9
ghosts-,2010/25,72,13
ghosts-,2010/26,11,0
ghosts-,2010/27,48,1
ghosts-,2010/28,7,0
ghosts-,2010/29,14,0
ghosts-,2010/31,4,0
gunnars18,2013/13,1,0
gunnars18,2013/14,37,1
gunnars18,2013/23,4,4
gunnars18,2013/24,29,15
gunnars18,2013/25,40,1
gunnars18,2014/03,28,0
harris.kirk,2011/12,7,0
harris.kirk,2011/13,7,0
harris.kirk,2011/21,31,0
harris.kirk,2011/22,48,0
harris.kirk,2011/23,15,0
harris.kirk,2011/49,5,5
harris.kirk,2012/01,8,8
harris.kirk,2012/02,31,3
hattiebabes,2010/38,7,0
hattiebabes,2010/39,62,4
hattiebabes,2010/42,6,0
hattiebabes,2010/43,32,9
hattiebabes,2010/44,30,0
isitzain,2016/08,32,0
isitzain,2016/09,70,0
isitzain,2016/10,28,0
isitzain,2016/11,25,0
isitzain,2016/12,12,0
isitzain,2016/13,7,7
isitzain,2016/14,14,11
jamesbyr,2016/09,11,0
jamesbyr,2016/10,70,11
jamesbyr,2016/11,21,0
jamesbyr,2016/12,14,0
jamesbyr,2016/13,25,1
jamescram,2011/32,18,0
jamescram,2011/33,12,0
jamescram,2011/34,2,0
jamescram,2011/35,10,10
jamescram,2011/39,2,0
jamescram,2011/40,4,1
jamescram,2011/41,1,0
jamescram,2011/48,1,0
jamescram,2011/51,21,0
jamescram,2011/52,1,0
jamescram,2012/06,18,0
jamescram,2012/08,24,0
jamescram,2012/10,1,0
jamescram,2012/47,21,0
jamescram,2013/11,1,0
jamescram,2013/12,1,0
jax359,2014/41,65,0
jax359,2014/42,13,0
jax359,2014/45,5,0
jax359,2015/02,28,0
jax359,2015/13,14,0
jax359,2015/28,8,0
jax359,2015/29,11,11
jax359,2015/36,27,11
jayjay_jayme,2016/09,2,0
jayjay_jayme,2016/10,36,2
jayjay_jayme,2016/11,38,2
jayjay_jayme,2016/12,65,6
jayjay_jayme,2016/13,11,0
jdarladimas,2016/07,8,8
jdarladimas,2016/09,21,14
jdarladimas,2016/10,76,0
jdarladimas,2016/11,12,0
jdarladimas,2016/13,33,33
jimmy_dc,2010/37,86,7
jimmy_dc,2010/39,1,1
jimmy_dc,2010/42,33,1
jimmy_dc,2010/45,1,0
jimmy_dc,2012/12,29,2
jimmywul,2013/10,22,1
jimmywul,2013/12,1,0
jimmywul,2014/43,4,0
jimmywul,2014/44,4,1
jimmywul,2014/45,14,2
jimmywul,2014/46,3,0
jimmywul,2014/47,9,1
jimmywul,2014/48,39,7
jimmywul,2014/49,1,0
jimmywul,2014/51,46,5
jjbeeson,2015/10,29,0
jjbeeson,2015/11,12,12
jjbeeson,2015/12,6,1
jjbeeson,2015/13,40,0
jjbeeson,2015/14,11,0
jjbeeson,2015/15,13,0
jjbeeson,2015/16,7,0
jjbeeson,2015/17,4,0
jjbeeson,2015/22,26,0
jjbeeson,2015/23,19,0
jjbeeson,2015/27,1,0
jjbeeson,2015/36,5,0
jjbeeson,2015/38,2,0
joefi,2010/35,33,1
joefi,2010/36,8,0
joefi,2012/05,22,0
joefi,2012/12,1,0
joefi,2012/15,30,1
joefi,2012/16,23,1
joefi,2015/52,18,3
joefi,2015/53,4,0
joefi,2016/01,26,4
joefi,2016/02,8,0
johnnyyy_rocks,2012/41,16,0
johnnyyy_rocks,2012/43,7,1
johnnyyy_rocks,2012/44,32,32
johnnyyy_rocks,2014/23,5,0
johnnyyy_rocks,2014/24,36,0
johnnyyy_rocks,2014/25,3,0
johnnyyy_rocks,2014/28,2,0
johnnyyy_rocks,2014/31,8,0
johnnyyy_rocks,2014/32,11,0
johnnyyy_rocks,2014/33,16,0
johnnyyy_rocks,2014/38,4,0
johnnyyy_rocks,2014/41,1,0
jonlowndes,2015/39,49,7
jonlowndes,2015/40,4,0
jonlowndes,2015/41,29,2
jonlowndes,2015/42,7,2
jonlowndes,2015/44,32,1
jonlowndes,2015/45,22,0
jonlowndes,2015/46,4,0
joshscuse,2016/05,29,6
joshscuse,2016/06,43,4
joshscuse,2016/07,3,0
joshscuse,2016/09,60,2
joshscuse,2016/10,6,0
joshscuse,2016/11,7,0
joshscuse,2016/12,16,2
joshscuse,2016/14,1,0
kezzie_p,2013/16,52,3
kezzie_p,2013/17,3,0
kezzie_p,2013/18,2,1
kezzie_p,2013/19,1,0
kezzie_p,2013/20,9,0
kezzie_p,2013/21,26,13
kezzie_p,2013/22,1,0
kezzie_p,2013/23,8,0
kezzie_p,2013/24,6,0
kezzie_p,2013/25,9,0
kezzie_p,2013/30,1,0
kezzie_p,2013/34,1,0
kezzie_p,2013/42,1,0
kezzie_p,2013/45,1,1
kezzie_p,2013/48,1,0
kezzie_p,2013/50,3,0
kezzie_p,2013/51,4,0
kezzie_p,2014/05,2,0
kezzie_p,2014/06,3,0
kezzie_p,2014/19,1,0
kezzie_p,2014/20,2,0
kezzie_p,2014/24,10,0
kezzie_p,2014/28,1,0
kezzie_p,2014/32,7,0
klarasky,2012/51,16,4
klarasky,2012/52,75,5
klarasky,2013/01,18,0
klarasky,2013/02,23,0
klarasky,2013/03,5,5
klarasky,2013/04,5,1
klarasky,2014/08,1,0
krispykremes90,2012/01,69,0
krispykremes90,2012/03,40,18
krispykremes90,2012/04,65,1
krispykremes90,2012/13,1,0
krispykremes90,2012/52,16,0
laffinnome,2009/29,8,0
laffinnome,2009/31,3,0
laffinnome,2009/33,3,0
laffinnome,2009/34,13,0
laffinnome,2009/37,8,8
laffinnome,2009/38,28,2
laffinnome,2009/39,4,0
laffinnome,2009/46,11,2
laffinnome,2009/48,5,0
laffinnome,2010/03,6,0
laffinnome,2010/04,33,0
laffinnome,2010/07,19,0
langurmonkey,2016/01,91,0
langurmonkey,2016/02,2,2
langurmonkey,2016/12,36,0
langurmonkey,2016/14,16,16
laurenw95,2012/27,18,0
laurenw95,2012/30,13,1
laurenw95,2012/31,31,0
laurenw95,2012/32,23,8
laurenw95,2012/33,7,0
laurenw95,2013/12,15,0
laurenw95,2013/13,4,0
laurenw95,2013/14,2,1
laurenw95,2013/15,4,0
laurenw95,2013/16,28,0
laurenw95,2013/17,5,0
laurenw95,2013/19,5,0
laurenw95,2013/30,2,0
liamwolf,2016/04,34,0
liamwolf,2016/05,31,0
liamwolf,2016/06,27,18
liamwolf,2016/07,13,5
liamwolf,2016/08,1,0
liamwolf,2016/10,28,0
liamwolf,2016/11,8,0
lovelindsay,2011/09,40,7
lovelindsay,2011/10,54,7
lovelindsay,2011/11,18,1
lovelindsay,2011/12,19,1
lovelindsay,2011/16,4,0
lovelindsay,2012/41,3,0
lynzyb,2012/41,2,0
lynzyb,2012/42,64,9
lynzyb,2012/43,40,14
lynzyb,2012/45,6,3
lynzyb,2012/46,6,0
lynzyb,2012/47,4,0
lynzyb,2012/48,11,0
maccathesaint,2016/07,64,7
maccathesaint,2016/08,21,4
maccathesaint,2016/10,74,5
maccathesaint,2016/12,9,8
magnoliamace,2012/48,56,15
magnoliamace,2012/49,42,16
magnoliamace,2012/50,35,0
magnoliamace,2012/51,1,1
magnoliamace,2012/52,12,3
magnoliamace,2013/01,4,4
mai_taylor,2015/23,40,9
mai_taylor,2015/24,4,4
mai_taylor,2015/25,27,0
mai_taylor,2015/26,23,0
mai_taylor,2015/27,6,0
mai_taylor,2015/28,1,0
mai_taylor,2015/29,21,0
mai_taylor,2015/33,8,0
mai_taylor,2015/39,1,0
mai_taylor,2015/41,16,0
marieeeel,2014/41,17,0
marieeeel,2014/42,13,0
marieeeel,2014/52,18,0
marieeeel,2015/03,1,0
marieeeel,2015/04,3,0
marieeeel,2015/07,18,0
marieeeel,2015/09,8,0
marieeeel,2015/13,17,0
marieeeel,2015/14,9,0
marieeeel,2015/18,19,5
marieeeel,2015/22,1,0
marieeeel,2015/24,19,8
marieeeel,2015/25,2,0
marieeeel,2015/26,18,0
marieeeel,2015/27,6,0
marieeeel,2015/28,3,0
marieeeel,2015/38,7,0
matskiC,2012/30,2,0
matskiC,2012/31,21,0
matskiC,2012/32,62,1
matskiC,2012/34,2,0
matskiC,2012/35,3,3
matskiC,2012/37,12,11
matskiC,2012/38,4,1
matskiC,2012/39,10,0
matskiC,2012/44,4,0
matskiC,2013/10,8,0
matskiC,2013/17,8,0
matskiC,2013/21,3,0
matskiC,2013/23,1,0
matskiC,2013/25,8,0
mattpickman,2014/09,16,0
mattpickman,2014/10,36,8
mattpickman,2014/11,14,0
mattpickman,2014/12,1,0
mattpickman,2014/13,28,0
mattpickman,2014/15,19,3
mattpickman,2014/16,18,0
mattpickman,2014/18,21,0
mattpickman,2014/19,3,0
mattpickman,2014/20,1,0
mattpickman,2014/21,7,0
mattrocious,2010/43,13,0
mattrocious,2010/44,39,10
mattrocious,2010/45,82,7
mattrocious,2010/46,7,0
mellowyellow89,2010/08,47,0
mellowyellow89,2010/11,33,0
mellowyellow89,2010/12,20,20
mellowyellow89,2010/13,38,1
metrule89,2016/07,10,0
metrule89,2016/08,38,11
metrule89,2016/09,12,1
metrule89,2016/10,1,0
metrule89,2016/11,21,0
metrule89,2016/12,21,0
metrule89,2016/13,18,0
metrule89,2016/14,24,0
mikenv,2012/37,26,0
mikenv,2012/38,17,0
mikenv,2012/39,84,9
mikenv,2012/40,13,4
mikenv,2012/41,4,0
mikenv,2012/42,1,0
miss_musey,2013/19,2,0
miss_musey,2013/20,12,0
miss_musey,2013/21,25,0
miss_musey,2013/23,38,22
miss_musey,2013/24,7,0
miss_musey,2013/25,2,2
miss_musey,2013/34,1,0
miss_musey,2013/36,31,8
miss_musey,2013/37,1,0
miss_musey,2013/38,3,0
miss_musey,2013/43,17,0
miss_musey,2013/44,9,0
molkatt,2011/09,12,0
molkatt,2011/10,15,5
molkatt,2011/25,22,1
molkatt,2011/26,24,2
molkatt,2011/27,12,0
molkatt,2011/29,35,0
molkatt,2011/43,22,5
molkatt,2011/52,3,0
molkatt,2012/13,5,0
mr_x,2016/09,5,0
mr_x,2016/10,26,3
mr_x,2016/11,35,3
mr_x,2016/12,96,12
mudderfupper,2010/10,2,1
mudderfupper,2010/11,31,2
mudderfupper,2010/12,9,0
mudderfupper,2010/13,14,0
mudderfupper,2010/14,4,1
mudderfupper,2010/15,21,1
mudderfupper,2010/16,49,2
mudderfupper,2010/17,20,1
mudderfupper,2010/18,3,1
mudderfupper,2010/20,1,1
muse959,2013/03,20,4
muse959,2013/04,27,7
muse959,2013/05,31,8
muse959,2013/06,66,1
musefan84,2012/26,41,0
musefan84,2012/30,2,1
musefan84,2012/33,1,1
musefan84,2012/34,2,2
musefan84,2012/36,6,2
musefan84,2012/42,13,0
musefan84,2012/43,3,0
musefan84,2012/44,7,1
musefan84,2012/46,1,0
musefan84,2012/47,1,0
musefan84,2012/48,1,0
musefan84,2013/04,41,0
musefan84,2013/13,24,0
musefan84,2013/17,1,1
musefan84,2013/26,1,0
musefan84,2013/40,4,1
musefan84,2014/32,13,10
musey84,2013/22,18,18
musey84,2013/29,22,0
musey84,2013/31,37,0
musey84,2013/37,4,0
musey84,2013/43,3,0
musey84,2013/46,23,1
musey84,2013/47,9,1
musey84,2013/48,20,0
musey84,2013/51,10,0
musey84,2014/01,10,0
musey84,2014/03,11,0
nathan_face,2013/42,15,0
nathan_face,2013/46,1,0
nathan_face,2014/16,1,0
nathan_face,2014/26,1,0
nathan_face,2014/33,25,0
nathan_face,2014/44,15,0
nathan_face,2014/52,27,0
nathan_face,2015/09,4,0
nathan_face,2015/16,3,0
nathan_face,2015/17,7,0
nathan_face,2015/23,8,8
nathan_face,2015/25,13,6
nathan_face,2015/27,19,1
nathan_face,2015/28,10,0
nathan_face,2015/38,15,0
nathan_face,2016/01,3,0
nicola_muse,2011/49,21,3
nicola_muse,2011/50,6,0
nicola_muse,2011/51,2,0
nicola_muse,2011/52,6,0
nicola_muse,2012/34,1,0
nicola_muse,2012/35,4,0
nicola_muse,2014/08,18,0
nicola_muse,2014/09,48,1
nicola_muse,2014/10,13,0
nicola_muse,2014/13,24,24
nicola_muse,2014/14,13,0
nikkistargirl,2011/14,17,1
nikkistargirl,2011/15,48,2
nikkistargirl,2011/16,31,3
nikkistargirl,2011/17,64,6
nonnis89,2015/26,10,0
nonnis89,2015/28,1,0
nonnis89,2015/35,11,0
nonnis89,2015/36,12,0
nonnis89,2015/38,12,0
nonnis89,2015/41,37,1
nonnis89,2015/45,58,8
nonnis89,2016/04,1,0
nonnis89,2016/07,29,2
nonnis89,2016/12,2,0
nouveller,2010/17,14,5
nouveller,2010/18,19,4
nouveller,2010/22,26,9
nouveller,2010/23,7,3
nouveller,2010/30,13,3
nouveller,2010/31,12,3
nouveller,2010/32,24,11
nouveller,2010/34,2,0
nouveller,2010/37,21,6
oblet,2012/32,46,11
oblet,2012/33,87,11
oblet,2012/36,4,0
oblet,2013/21,1,0
ollyog,2016/03,44,0
ollyog,2016/04,2,0
ollyog,2016/05,10,1
ollyog,2016/06,28,0
ollyog,2016/09,23,0
ollyog,2016/13,48,12
ossanossan,2015/19,16,0
ossanossan,2015/20,43,0
ossanossan,2015/21,26,0
ossanossan,2015/22,36,0
ossanossan,2015/23,7,0
ossanossan,2015/24,4,4
ossanossan,2015/25,8,0
ossanossan,2015/31,12,7
ossanossan,2015/32,5,0
pablonorte,2011/15,18,0
pablonorte,2011/16,14,5
pablonorte,2011/17,6,0
pablonorte,2011/19,1,0
pablonorte,2011/20,10,0
pablonorte,2011/22,5,0
pablonorte,2011/25,8,0
pablonorte,2011/34,3,0
pablonorte,2011/37,3,0
pablonorte,2011/41,12,0
pablonorte,2011/51,1,0
pablonorte,2012/07,2,0
pablonorte,2012/19,1,0
pablonorte,2012/20,1,0
pablonorte,2012/22,11,0
pablonorte,2012/24,1,0
pablonorte,2012/25,8,0
pablonorte,2012/28,1,0
pablonorte,2012/40,1,0
pablonorte,2013/04,1,0
pablonorte,2014/22,1,0
pablonorte,2014/26,13,0
pablonorte,2014/36,1,0
pablonorte,2014/41,3,0
pablonorte,2014/49,19,0
pablonorte,2015/25,11,11
penguindan,2012/38,12,0
penguindan,2012/39,12,0
penguindan,2012/40,6,4
penguindan,2012/41,11,0
penguindan,2012/42,24,8
penguindan,2012/43,20,0
penguindan,2012/46,33,0
penguindan,2012/47,13,1
penguindan,2012/49,8,0
peterjamesford,2012/38,40,0
peterjamesford,2012/39,13,0
peterjamesford,2012/40,15,15
peterjamesford,2012/41,35,32
peterjamesford,2012/42,22,22
peterjamesford,2012/51,1,0
peterjamesford,2013/27,1,0
peterjamesford,2013/29,5,4
peterjamesford,2014/07,1,0
peterjamesford,2014/08,5,0
pineapple_munch,2015/01,42,0
pineapple_munch,2015/02,2,0
pineapple_munch,2015/03,49,6
pineapple_munch,2015/04,64,4
pixiebell85,2009/48,41,18
pixiebell85,2009/52,2,0
pixiebell85,2009/53,6,2
pixiebell85,2010/01,2,0
pixiebell85,2010/03,26,3
pixiebell85,2010/04,27,5
pixiebell85,2010/05,13,2
pixiebell85,2010/07,7,0
pixiebell85,2010/08,21,5
pixiebell85,2010/09,20,4
pixiebell85,2010/14,1,0
pixiebell85,2010/22,8,8
ratchetnclank,2009/42,37,9
ratchetnclank,2009/43,69,22
ratchetnclank,2009/45,17,4
ratchetnclank,2009/46,1,1
ratchetnclank,2009/47,4,0
ratchetnclank,2010/02,1,1
ratchetnclank,2010/03,7,1
ratchetnclank,2010/23,11,4
raychxangel,2012/37,74,8
raychxangel,2012/38,14,1
raychxangel,2012/39,1,0
raychxangel,2012/44,22,0
raychxangel,2012/45,8,0
raychxangel,2012/46,1,0
raychxangel,2012/49,4,0
raychxangel,2013/07,9,0
raychxangel,2013/09,12,6
raychxangel,2013/10,2,0
raychxangel,2013/15,1,0
red_alan,2012/05,16,4
red_alan,2012/06,6,0
red_alan,2012/07,7,0
red_alan,2012/08,11,0
red_alan,2012/09,30,0
red_alan,2012/10,32,1
red_alan,2012/11,34,17
red_alan,2012/36,7,7
robwellington03,2015/36,12,0
robwellington03,2016/03,7,0
robwellington03,2016/04,19,0
robwellington03,2016/06,30,1
robwellington03,2016/10,12,9
robwellington03,2016/11,3,0
robwellington03,2016/12,42,0
robwellington03,2016/14,38,2
rosscmoore02010,2015/16,19,0
rosscmoore02010,2015/17,34,9
rosscmoore02010,2015/19,75,11
rosscmoore02010,2015/24,14,0
rosscmoore02010,2015/25,3,0
rosscmoore02010,2015/27,21,0
rspython,2009/45,24,2
rspython,2009/46,31,0
rspython,2009/47,40,3
rspython,2009/48,6,0
rspython,2009/49,7,0
rspython,2009/50,4,0
rspython,2009/51,1,0
rspython,2009/53,16,1
rspython,2010/01,4,0
rspython,2010/02,3,0
rspython,2010/03,5,0
rspython,2010/04,4,0
rspython,2010/06,16,0
rspython,2010/09,6,0
rspython,2010/10,3,0
rspython,2010/13,6,5
sacko87,2014/13,32,2
sacko87,2014/14,32,1
sacko87,2014/15,29,0
sacko87,2014/16,42,9
salopian,2011/26,15,0
salopian,2011/27,66,6
salopian,2012/37,4,0
salopian,2013/36,27,3
salopian,2013/37,61,3
salopian,2013/38,8,0
samthomsa,2011/08,59,10
samthomsa,2011/09,77,5
samthomsa,2011/10,20,0
samthomsa,2012/20,3,0
samthomsa,2012/38,4,0
samthomsa,2012/47,3,0
sarabian,2015/42,16,0
sarabian,2015/43,24,0
sarabian,2015/44,21,0
sarabian,2015/45,10,0
sarabian,2015/46,11,0
sarabian,2015/47,18,1
sarabian,2015/48,23,2
sarabian,2015/49,10,0
sarabian,2015/50,9,0
sarabian,2015/51,7,7
sarabian,2016/01,8,0
sarabian,2016/02,8,0
sarabian,2016/06,6,0
seratamsin,2013/39,44,3
seratamsin,2013/40,1,0
seratamsin,2013/46,71,0
seratamsin,2013/47,69,32
sestrensaz,2014/50,5,0
sestrensaz,2015/11,3,0
sestrensaz,2015/20,4,0
sestrensaz,2015/22,12,0
sestrensaz,2015/23,3,3
sestrensaz,2015/28,26,0
sestrensaz,2015/29,14,0
sestrensaz,2015/32,21,0
sestrensaz,2015/37,7,0
sestrensaz,2015/38,11,6
sestrensaz,2015/40,2,2
sestrensaz,2016/02,2,0
sestrensaz,2016/03,2,0
sestrensaz,2016/06,9,0
sestrensaz,2016/08,1,0
sestrensaz,2016/10,43,4
sharpy117,2010/43,4,0
sharpy117,2010/44,25,0
sharpy117,2010/45,10,3
sharpy117,2010/47,12,6
sharpy117,2010/48,2,0
sharpy117,2010/49,61,0
sharpy117,2010/51,11,0
sharpy117,2011/01,7,0
sharpy117,2011/03,9,0
sharpy117,2011/05,1,1
shvandar,2015/32,50,0
shvandar,2015/33,17,0
shvandar,2015/34,1,0
shvandar,2016/11,63,3
shvandar,2016/12,9,9
skaneda,2015/51,42,0
skaneda,2015/52,1,0
skaneda,2016/01,13,0
skaneda,2016/02,13,0
skaneda,2016/03,53,0
skaneda,2016/04,11,11
skaneda,2016/05,3,1
skaneda,2016/07,1,0
sloberingdog,2016/06,25,0
sloberingdog,2016/07,5,0
sloberingdog,2016/08,37,0
sloberingdog,2016/09,9,0
sloberingdog,2016/11,12,0
sloberingdog,2016/12,9,1
sloberingdog,2016/13,79,49
sloberingdog,2016/14,8,5
sloberingdog,2016/15,4,4
soundtruth,2011/02,17,0
soundtruth,2011/05,8,0
soundtruth,2011/06,23,7
soundtruth,2011/07,63,3
soundtruth,2011/08,6,0
soundtruth,2011/09,2,0
soundtruth,2011/18,12,0
soundtruth,2011/22,11,0
soundtruth,2011/41,1,0
spiritdesirex,2011/46,25,1
spiritdesirex,2011/47,27,0
spiritdesirex,2011/49,12,0
spiritdesirex,2011/50,15,0
spiritdesirex,2011/51,54,12
spiritdesirex,2011/52,19,0
spiritdesirex,2012/04,10,0
spiritofjazz,2012/40,6,5
spiritofjazz,2012/42,7,3
spiritofjazz,2012/43,4,0
spiritofjazz,2012/44,10,0
spiritofjazz,2012/45,4,1
spiritofjazz,2012/46,93,7
spiritofjazz,2012/50,3,0
spiritofjazz,2012/52,14,3
spiritofjazz,2013/01,6,0
spiritquest,2015/18,8,0
spiritquest,2015/19,19,19
spiritquest,2015/20,45,0
spiritquest,2015/21,10,0
spiritquest,2015/22,5,0
spiritquest,2015/24,6,6
spiritquest,2015/25,20,5
spiritquest,2015/27,11,0
spiritquest,2015/29,47,0
spiritquest,2016/10,10,0
spiritquest,2016/14,1,0
strattyrudge,2009/52,9,0
strattyrudge,2009/53,5,0
strattyrudge,2010/01,10,0
strattyrudge,2010/02,6,0
strattyrudge,2010/04,18,0
strattyrudge,2010/05,1,0
strattyrudge,2010/07,11,0
strattyrudge,2010/08,12,1
strattyrudge,2010/09,6,0
strattyrudge,2010/12,3,0
strattyrudge,2010/13,30,0
strattyrudge,2011/32,37,1
strattyrudge,2011/33,10,10
strattyrudge,2012/11,1,0
strattyrudge,2012/43,14,10
stupendo,2016/11,21,3
stupendo,2016/12,35,1
stupendo,2016/13,51,2
stupendo,2016/14,49,11
sunshine1shell,2012/37,27,0
sunshine1shell,2012/41,11,6
sunshine1shell,2012/42,14,0
sunshine1shell,2013/42,11,0
sunshine1shell,2014/27,24,1
sunshine1shell,2014/28,44,3
sunshine1shell,2014/29,19,0
swawrzyniak,2012/26,57,0
swawrzyniak,2012/27,4,0
swawrzyniak,2012/28,1,1
swawrzyniak,2012/29,97,10
tardispikachu,2016/08,14,1
tardispikachu,2016/10,22,14
tardispikachu,2016/11,79,2
tardispikachu,2016/12,20,9
tardispikachu,2016/13,3,1
tardispikachu,2016/14,3,0
telephonetoby,2012/12,3,3
telephonetoby,2012/13,48,0
telephonetoby,2012/15,3,0
telephonetoby,2012/16,11,0
telephonetoby,2012/17,76,24
telephonetoby,2012/18,9,0
telephonetoby,2012/50,3,0
ten-24,2016/05,4,0
ten-24,2016/10,16,7
ten-24,2016/11,28,0
ten-24,2016/12,105,14
ten-24,2016/13,1,1
thebigalan39,2012/33,12,0
thebigalan39,2012/34,42,1
thebigalan39,2012/35,4,0
thebigalan39,2012/36,43,21
thebigalan39,2012/37,49,4
thebigalan39,2012/38,3,0
thebigalan39,2012/40,1,1
thebigalan39,2012/42,6,0
thebigalan39,2012/43,1,0
thebigalan39,2012/44,1,0
theragingkiwi,2014/21,14,2
theragingkiwi,2014/22,39,3
theragingkiwi,2014/24,28,3
theragingkiwi,2014/25,36,2
theragingkiwi,2014/26,13,1
theragingkiwi,2014/27,38,0
threnodynvelvet,2010/33,23,7
threnodynvelvet,2010/35,13,0
threnodynvelvet,2010/37,9,0
threnodynvelvet,2010/38,23,0
threnodynvelvet,2010/39,3,0
threnodynvelvet,2010/41,8,0
threnodynvelvet,2010/42,29,0
threnodynvelvet,2010/43,13,0
threnodynvelvet,2010/44,26,0
threnodynvelvet,2010/45,3,3
threnodynvelvet,2011/05,2,0
tidusjar,2012/37,77,0
tidusjar,2012/38,18,0
tidusjar,2012/39,12,11
tidusjar,2012/40,1,0
tidusjar,2012/42,11,0
tidusjar,2012/43,22,1
timrickaby,2016/11,1,0
timrickaby,2016/12,64,12
timrickaby,2016/13,22,19
timrickaby,2016/14,26,0
timrickaby,2016/15,64,2
tomrulez,2011/30,11,0
tomrulez,2011/31,15,0
tomrulez,2011/32,1,0
tomrulez,2011/33,15,0
tomrulez,2011/34,33,9
tomrulez,2011/35,17,5
tomrulez,2011/36,5,0
tomrulez,2011/38,2,2
tomrulez,2011/40,4,0
tomrulez,2011/41,9,0
tomrulez,2011/49,3,0
tomrulez,2011/51,28,1
tomrulez,2011/52,2,0
tomrulez,2012/01,1,0
tomrulez,2012/04,11,0
tuesdayclub,2012/45,14,0
tuesdayclub,2012/46,10,0
tuesdayclub,2012/47,10,0
tuesdayclub,2012/48,4,0
tuesdayclub,2012/50,8,0
tuesdayclub,2013/02,16,0
tuesdayclub,2013/09,4,0
tuesdayclub,2013/11,13,0
tuesdayclub,2013/12,6,0
tuesdayclub,2013/14,8,0
tuesdayclub,2013/19,6,4
tuesdayclub,2013/21,2,0
tuesdayclub,2013/22,22,22
tuesdayclub,2013/25,1,0
tuesdayclub,2013/26,36,0
turkystuffing,2016/10,45,21
turkystuffing,2016/11,59,1
turkystuffing,2016/12,10,0
turkystuffing,2016/13,22,0
turkystuffing,2016/14,47,0
twiggy8520,2016/09,35,0
twiggy8520,2016/10,10,0
twiggy8520,2016/14,34,2
twiggy8520,2016/15,69,36
version3point1,2015/48,1,0
version3point1,2015/49,1,0
version3point1,2015/50,13,3
version3point1,2015/51,5,5
version3point1,2015/52,23,0
version3point1,2016/02,5,0
version3point1,2016/03,7,0
version3point1,2016/04,5,1
version3point1,2016/05,33,0
version3point1,2016/06,20,3
version3point1,2016/13,17,0
version3point1,2016/14,11,11
viewfromabridge,2012/21,2,0
viewfromabridge,2012/22,51,8
viewfromabridge,2012/23,27,1
viewfromabridge,2012/24,38,1
viewfromabridge,2012/27,2,2
viewfromabridge,2012/28,8,0
viewfromabridge,2012/29,2,0
viewfromabridge,2012/30,2,0
wee_fred,2010/49,4,4
wee_fred,2010/50,1,0
wee_fred,2010/51,4,0
wee_fred,2010/52,4,0
wee_fred,2011/01,4,0
wee_fred,2011/03,1,1
wee_fred,2011/04,5,0
wee_fred,2011/05,16,9
wee_fred,2011/06,8,4
wee_fred,2011/07,3,0
wee_fred,2011/08,55,8
wee_fred,2011/09,10,2
wee_fred,2011/10,7,1
wee_fred,2011/11,10,0
wee_fred,2011/52,2,0
wfco,2015/13,11,0
wfco,2015/15,10,0
wfco,2015/20,6,0
wfco,2015/22,10,10
wfco,2015/49,39,0
wfco,2015/52,3,0
wfco,2015/53,16,3
wfco,2016/01,18,0
wfco,2016/02,1,0
wfco,2016/03,5,0
wfco,2016/04,5,0
wfco,2016/05,12,0
wfco,2016/06,1,0
wfco,2016/07,4,0
wfco,2016/11,3,0
wfco,2016/13,4,0
xmalvdeadx,2015/47,17,0
xmalvdeadx,2015/48,55,0
xmalvdeadx,2015/49,15,0
xmalvdeadx,2015/52,2,0
xmalvdeadx,2015/53,18,1
xmalvdeadx,2016/01,28,12
xmalvdeadx,2016/02,11,0
