user_id,num_ascolti_totali,num_ascolti_artista,settimane_totali,settimane_artista,artisti_univoci,generi_univoci,degree_initial_network,num_amici,quota_amici_artista,friends_num_ascolti_totali,friends_num_ascolti_artista,friends_settimane_totali,friends_settimane_artista,churn,reason
0m3rt4,131.0,13.0,7.0,2.0,78.0,24.0,20,4.0,0.5,141.0,9.25,6.5,0.75,1,A - [CHURNER] buco di almeno 3 settimane dopo l'ultimo ascolto
3soTeriC,170.0,16.0,24.0,5.0,88.0,23.0,8,4.0,0.5,149.0,0.5,5.25,0.5,0,E - [NOT CHURNER] quota ascolti artista ultime 3 settimane > 0.1
666Spawn,151.0,24.0,13.0,5.0,38.0,11.0,5,4.0,0.5,160.25,2.25,8.5,0.75,0,E - [NOT CHURNER] quota ascolti artista ultime 3 settimane > 0.1
AlexDrake,134.0,18.0,7.0,5.0,63.0,21.0,47,28.0,0.214285714286,124.714285714,0.392857142857,6.5,0.25,0,C - [NOT CHURNER] quota settimane ascolto artista >= 0.65
AliciaSumpter,133.0,12.0,29.0,7.0,48.0,20.0,10,6.0,0.166666666667,152.833333333,0.166666666667,6.16666666667,0.166666666667,1,A - [CHURNER] buco di almeno 3 settimane dopo l'ultimo ascolto
Alza_Corp,165.0,18.0,11.0,3.0,59.0,19.0,3,0,0,0,0,0,0,1,A - [CHURNER] buco di almeno 3 settimane dopo l'ultimo ascolto
Andy_Cliff,173.0,11.0,21.0,4.0,113.0,32.0,5,2.0,0.0,173.0,0.0,3.5,0.0,1,A - [CHURNER] buco di almeno 3 settimane dopo l'ultimo ascolto
Ash568,144.0,10.0,9.0,3.0,43.0,19.0,8,5.0,0.2,147.6,0.2,6.0,0.2,1,A - [CHURNER] buco di almeno 3 settimane dopo l'ultimo ascolto
Ashimar,143.0,18.0,15.0,15.0,38.0,12.0,7,3.0,0.333333333333,173.333333333,0.333333333333,4.33333333333,0.333333333333,0,C - [NOT CHURNER] quota settimane ascolto artista >= 0.65
Aurora7804,169.0,15.0,6.0,2.0,89.0,26.0,11,1.0,0.0,111.0,0.0,4.0,0.0,0,E - [NOT CHURNER] quota ascolti artista ultime 3 settimane > 0.1
BENecol,176.0,15.0,11.0,4.0,54.0,21.0,53,29.0,0.206896551724,141.379310345,1.20689655172,7.27586206897,0.448275862069,0,E - [NOT CHURNER] quota ascolti artista ultime 3 settimane > 0.1
BethTomlinson,134.0,22.0,10.0,3.0,63.0,23.0,10,10.0,0.1,152.5,0.1,7.2,0.1,1,A - [CHURNER] buco di almeno 3 settimane dopo l'ultimo ascolto
BlueDwaggin,156.0,24.0,5.0,4.0,30.0,14.0,40,14.0,0.0714285714286,131.785714286,0.571428571429,7.5,0.142857142857,0,C - [NOT CHURNER] quota settimane ascolto artista >= 0.65
Bobbyroana,138.0,22.0,7.0,4.0,29.0,15.0,12,4.0,0.25,151.5,1.75,4.25,0.25,1,A - [CHURNER] buco di almeno 3 settimane dopo l'ultimo ascolto
BomBadillic,150.0,10.0,4.0,2.0,83.0,26.0,14,2.0,0.5,65.5,0.5,7.5,0.5,1,D - [CHURNER] quota ascolti artista ultime 3 settimane <= 0.1
Brandon-rocks,135.0,48.0,5.0,2.0,17.0,10.0,38,4.0,0.5,107.25,1.5,6.75,0.75,0,E - [NOT CHURNER] quota ascolti artista ultime 3 settimane > 0.1
BrandonCourage,146.0,11.0,4.0,2.0,17.0,10.0,4,3.0,0.333333333333,127.333333333,1.66666666667,5.66666666667,0.666666666667,1,D - [CHURNER] quota ascolti artista ultime 3 settimane <= 0.1
Burtinator,171.0,21.0,12.0,6.0,47.0,16.0,2,2.0,0.0,65.0,0.0,3.5,0.0,1,A - [CHURNER] buco di almeno 3 settimane dopo l'ultimo ascolto
CantFoolOwls,163.0,11.0,6.0,2.0,58.0,16.0,14,8.0,0.5,138.875,1.0,5.75,0.75,1,A - [CHURNER] buco di almeno 3 settimane dopo l'ultimo ascolto
CieleFu,138.0,11.0,9.0,5.0,69.0,25.0,13,7.0,0.0,160.571428571,0.0,7.57142857143,0.0,0,E - [NOT CHURNER] quota ascolti artista ultime 3 settimane > 0.1
Craig450,139.0,11.0,6.0,2.0,44.0,11.0,6,6.0,0.166666666667,106.833333333,0.333333333333,7.0,0.166666666667,1,A - [CHURNER] buco di almeno 3 settimane dopo l'ultimo ascolto
CrimsonCheeks27,166.0,12.0,4.0,2.0,77.0,30.0,10,4.0,0.25,145.0,0.5,9.5,0.5,1,D - [CHURNER] quota ascolti artista ultime 3 settimane <= 0.1
Da1e,143.0,24.0,10.0,5.0,64.0,19.0,11,3.0,0.0,117.333333333,0.0,10.0,0.0,1,A - [CHURNER] buco di almeno 3 settimane dopo l'ultimo ascolto
Daren68,148.0,18.0,4.0,4.0,46.0,10.0,9,5.0,0.0,146.4,0.0,5.8,0.0,0,C - [NOT CHURNER] quota settimane ascolto artista >= 0.65
DarthDan,180.0,13.0,5.0,2.0,65.0,21.0,4,2.0,0.0,151.5,0.0,9.5,0.0,1,B - [CHURNER] ascolto/i artista nelle ultime 3 settimane <3
DeanoMachino,178.0,11.0,5.0,4.0,94.0,29.0,11,5.0,0.4,130.2,2.2,4.8,0.4,0,C - [NOT CHURNER] quota settimane ascolto artista >= 0.65
Demigod1993,148.0,10.0,5.0,2.0,26.0,11.0,35,8.0,0.0,120.125,0.0,7.0,0.0,0,E - [NOT CHURNER] quota ascolti artista ultime 3 settimane > 0.1
DiabloLiam1212,148.0,14.0,14.0,3.0,49.0,13.0,2,2.0,0.0,118.5,0.0,3.0,0.0,0,E - [NOT CHURNER] quota ascolti artista ultime 3 settimane > 0.1
Disasterplan,137.0,26.0,5.0,3.0,71.0,23.0,79,24.0,0.0416666666667,127.583333333,0.458333333333,5.125,0.0416666666667,0,E - [NOT CHURNER] quota ascolti artista ultime 3 settimane > 0.1
Doyle-Doyle,151.0,26.0,6.0,2.0,42.0,21.0,67,10.0,0.1,137.7,0.3,7.0,0.1,1,A - [CHURNER] buco di almeno 3 settimane dopo l'ultimo ascolto
EmergencyExit,143.0,29.0,5.0,2.0,29.0,9.0,17,6.0,0.166666666667,128.333333333,0.833333333333,7.5,0.166666666667,0,E - [NOT CHURNER] quota ascolti artista ultime 3 settimane > 0.1
EmiweeHale,159.0,24.0,12.0,3.0,24.0,9.0,6,2.0,1.0,140.0,6.5,3.0,1.5,1,A - [CHURNER] buco di almeno 3 settimane dopo l'ultimo ascolto
FUNKmillitia,156.0,11.0,8.0,2.0,71.0,18.0,8,2.0,0.0,92.0,0.0,3.5,0.0,1,A - [CHURNER] buco di almeno 3 settimane dopo l'ultimo ascolto
Gareeh,162.0,14.0,7.0,3.0,35.0,17.0,66,25.0,0.16,102.44,1.16,6.08,0.28,1,A - [CHURNER] buco di almeno 3 settimane dopo l'ultimo ascolto
Grace_Ox,157.0,17.0,5.0,3.0,68.0,24.0,120,15.0,0.666666666667,103.133333333,2.33333333333,5.53333333333,0.8,1,D - [CHURNER] quota ascolti artista ultime 3 settimane <= 0.1
Groovurism,132.0,13.0,4.0,4.0,89.0,26.0,12,9.0,0.444444444444,127.333333333,2.22222222222,9.0,0.888888888889,0,C - [NOT CHURNER] quota settimane ascolto artista >= 0.65
HenryBaines,180.0,14.0,13.0,3.0,60.0,19.0,33,16.0,0.0625,129.5625,0.1875,6.3125,0.1875,1,A - [CHURNER] buco di almeno 3 settimane dopo l'ultimo ascolto
HetJammin,179.0,12.0,4.0,3.0,56.0,16.0,16,7.0,0.428571428571,135.571428571,0.857142857143,5.57142857143,0.428571428571,0,C - [NOT CHURNER] quota settimane ascolto artista >= 0.65
IYW,136.0,15.0,4.0,2.0,34.0,12.0,7,3.0,0.333333333333,129.333333333,2.66666666667,3.0,0.666666666667,0,E - [NOT CHURNER] quota ascolti artista ultime 3 settimane > 0.1
Jazzy_hall,149.0,21.0,7.0,2.0,59.0,26.0,7,7.0,0.0,132.714285714,0.0,6.71428571429,0.0,1,A - [CHURNER] buco di almeno 3 settimane dopo l'ultimo ascolto
Jimbob3005,144.0,34.0,4.0,4.0,35.0,14.0,14,1.0,0.0,76.0,0.0,2.0,0.0,0,C - [NOT CHURNER] quota settimane ascolto artista >= 0.65
Jmoqueen,173.0,30.0,15.0,4.0,74.0,20.0,20,5.0,0.4,153.6,0.8,3.0,0.4,1,B - [CHURNER] ascolto/i artista nelle ultime 3 settimane <3
Joe120,148.0,28.0,11.0,5.0,52.0,23.0,39,7.0,0.0,109.571428571,0.0,4.28571428571,0.0,0,E - [NOT CHURNER] quota ascolti artista ultime 3 settimane > 0.1
Kaeroll,156.0,23.0,4.0,3.0,51.0,16.0,15,9.0,0.111111111111,125.111111111,0.111111111111,4.77777777778,0.111111111111,0,C - [NOT CHURNER] quota settimane ascolto artista >= 0.65
Kal-Faegan,176.0,10.0,4.0,3.0,28.0,19.0,2,1.0,0.0,42.0,0.0,4.0,0.0,0,C - [NOT CHURNER] quota settimane ascolto artista >= 0.65
Kelvin7,143.0,25.0,8.0,2.0,8.0,2.0,37,3.0,0.333333333333,108.666666667,1.33333333333,2.66666666667,0.333333333333,0,E - [NOT CHURNER] quota ascolti artista ultime 3 settimane > 0.1
Kennethcml,152.0,12.0,7.0,2.0,20.0,9.0,42,17.0,0.235294117647,120.705882353,0.941176470588,6.11764705882,0.235294117647,1,A - [CHURNER] buco di almeno 3 settimane dopo l'ultimo ascolto
Kirsteek,137.0,25.0,6.0,4.0,62.0,18.0,42,12.0,0.416666666667,109.666666667,2.25,6.25,0.833333333333,0,C - [NOT CHURNER] quota settimane ascolto artista >= 0.65
Kung-Fu_Devil,143.0,12.0,16.0,5.0,66.0,22.0,21,11.0,0.0909090909091,127.636363636,0.0909090909091,9.72727272727,0.0909090909091,0,E - [NOT CHURNER] quota ascolti artista ultime 3 settimane > 0.1
Laceyful,159.0,12.0,7.0,3.0,47.0,20.0,6,3.0,0.333333333333,98.3333333333,1.0,4.66666666667,0.333333333333,0,E - [NOT CHURNER] quota ascolti artista ultime 3 settimane > 0.1
Lenatalia,147.0,45.0,15.0,8.0,45.0,15.0,12,3.0,0.666666666667,143.666666667,1.33333333333,9.66666666667,1.33333333333,0,E - [NOT CHURNER] quota ascolti artista ultime 3 settimane > 0.1
LibraryMatt,175.0,16.0,4.0,3.0,35.0,17.0,1,1.0,0.0,169.0,0.0,4.0,0.0,0,C - [NOT CHURNER] quota settimane ascolto artista >= 0.65
LilSparkliBunni,163.0,16.0,10.0,3.0,52.0,20.0,19,7.0,0.142857142857,139.857142857,0.142857142857,5.0,0.142857142857,1,A - [CHURNER] buco di almeno 3 settimane dopo l'ultimo ascolto
LilySparks,149.0,12.0,15.0,3.0,28.0,13.0,11,4.0,0.75,115.5,7.5,6.75,1.25,1,A - [CHURNER] buco di almeno 3 settimane dopo l'ultimo ascolto
Lixypie,176.0,14.0,4.0,3.0,27.0,9.0,31,16.0,0.125,118.9375,0.125,5.1875,0.125,0,C - [NOT CHURNER] quota settimane ascolto artista >= 0.65
Lulu_Natasha,157.0,16.0,9.0,4.0,71.0,22.0,5,3.0,0.333333333333,155.666666667,0.333333333333,7.33333333333,0.333333333333,1,D - [CHURNER] quota ascolti artista ultime 3 settimane <= 0.1
LunarScope,147.0,11.0,5.0,3.0,29.0,17.0,2,1.0,0.0,148.0,0.0,14.0,0.0,0,E - [NOT CHURNER] quota ascolti artista ultime 3 settimane > 0.1
MattMuse55,134.0,16.0,4.0,2.0,76.0,28.0,5,2.0,0.0,157.0,0.0,6.0,0.0,0,E - [NOT CHURNER] quota ascolti artista ultime 3 settimane > 0.1
Matthew66,173.0,25.0,13.0,3.0,98.0,22.0,8,5.0,0.0,151.4,0.0,9.8,0.0,1,A - [CHURNER] buco di almeno 3 settimane dopo l'ultimo ascolto
MatthiasEdgar,182.0,17.0,5.0,2.0,58.0,19.0,17,10.0,0.3,141.9,0.3,6.5,0.3,1,D - [CHURNER] quota ascolti artista ultime 3 settimane <= 0.1
MicrocutsAC,142.0,22.0,8.0,3.0,24.0,7.0,28,8.0,0.375,118.75,3.375,5.625,1.125,0,E - [NOT CHURNER] quota ascolti artista ultime 3 settimane > 0.1
MissHelenT,177.0,19.0,11.0,5.0,98.0,20.0,32,16.0,0.3125,123.3125,0.875,7.4375,0.5,1,B - [CHURNER] ascolto/i artista nelle ultime 3 settimane <3
MisterMouse,196.0,37.0,4.0,3.0,38.0,19.0,31,8.0,0.25,132.75,4.625,9.125,0.625,0,C - [NOT CHURNER] quota settimane ascolto artista >= 0.65
Mr_Softie,179.0,11.0,13.0,5.0,85.0,18.0,4,1.0,0.0,126.0,0.0,18.0,0.0,1,A - [CHURNER] buco di almeno 3 settimane dopo l'ultimo ascolto
Navarre0,132.0,12.0,5.0,2.0,29.0,13.0,14,11.0,0.181818181818,132.0,2.27272727273,6.72727272727,0.181818181818,1,D - [CHURNER] quota ascolti artista ultime 3 settimane <= 0.1
NickTuck,130.0,13.0,5.0,3.0,36.0,11.0,5,4.0,0.0,133.75,0.0,3.75,0.0,1,D - [CHURNER] quota ascolti artista ultime 3 settimane <= 0.1
Noobleton,169.0,23.0,9.0,3.0,22.0,12.0,12,2.0,0.0,144.0,0.0,2.0,0.0,1,A - [CHURNER] buco di almeno 3 settimane dopo l'ultimo ascolto
O8lewisjos,148.0,11.0,4.0,2.0,46.0,19.0,34,17.0,0.470588235294,130.764705882,1.52941176471,7.94117647059,0.588235294118,0,E - [NOT CHURNER] quota ascolti artista ultime 3 settimane > 0.1
OmgDibble,163.0,13.0,5.0,4.0,37.0,19.0,11,7.0,0.142857142857,129.0,1.71428571429,4.42857142857,0.142857142857,0,C - [NOT CHURNER] quota settimane ascolto artista >= 0.65
Ordinary-Monkey,163.0,36.0,5.0,2.0,26.0,14.0,1606,506.0,0.140316205534,133.480237154,0.774703557312,5.58300395257,0.203557312253,0,E - [NOT CHURNER] quota ascolti artista ultime 3 settimane > 0.1
PhilSlot,192.0,12.0,5.0,2.0,52.0,11.0,25,9.0,0.111111111111,138.111111111,0.111111111111,4.77777777778,0.111111111111,1,D - [CHURNER] quota ascolti artista ultime 3 settimane <= 0.1
PieForSlipper,153.0,11.0,11.0,8.0,92.0,22.0,9,6.0,0.333333333333,126.333333333,2.33333333333,5.66666666667,1.0,0,C - [NOT CHURNER] quota settimane ascolto artista >= 0.65
Pixaul,164.0,11.0,9.0,5.0,93.0,22.0,24,7.0,0.142857142857,124.571428571,0.142857142857,8.42857142857,0.142857142857,0,E - [NOT CHURNER] quota ascolti artista ultime 3 settimane > 0.1
PrincessJude,173.0,12.0,8.0,3.0,106.0,32.0,6,5.0,0.0,118.8,0.0,3.6,0.0,1,B - [CHURNER] ascolto/i artista nelle ultime 3 settimane <3
PurePolitePale,149.0,17.0,11.0,2.0,56.0,20.0,13,2.0,0.5,167.0,1.5,9.0,0.5,1,A - [CHURNER] buco di almeno 3 settimane dopo l'ultimo ascolto
RACooperman,137.0,13.0,6.0,2.0,38.0,13.0,3,1.0,1.0,163.0,36.0,5.0,2.0,0,E - [NOT CHURNER] quota ascolti artista ultime 3 settimane > 0.1
Redbaron123,186.0,24.0,8.0,3.0,117.0,21.0,5,2.0,0.0,113.0,0.0,2.5,0.0,1,A - [CHURNER] buco di almeno 3 settimane dopo l'ultimo ascolto
Renard99,168.0,11.0,11.0,3.0,86.0,22.0,27,12.0,0.166666666667,124.666666667,0.666666666667,5.41666666667,0.166666666667,0,E - [NOT CHURNER] quota ascolti artista ultime 3 settimane > 0.1
Rissared,131.0,10.0,13.0,3.0,30.0,15.0,12,5.0,0.0,105.2,0.0,3.8,0.0,1,A - [CHURNER] buco di almeno 3 settimane dopo l'ultimo ascolto
SPCotter,162.0,33.0,5.0,2.0,68.0,23.0,10,4.0,0.0,152.0,0.0,6.75,0.0,0,E - [NOT CHURNER] quota ascolti artista ultime 3 settimane > 0.1
SarahChiefette,156.0,24.0,7.0,3.0,89.0,33.0,49,14.0,0.214285714286,100.785714286,0.5,5.07142857143,0.428571428571,0,E - [NOT CHURNER] quota ascolti artista ultime 3 settimane > 0.1
Saymantha,155.0,14.0,15.0,3.0,81.0,24.0,1,1.0,0.0,151.0,0.0,2.0,0.0,1,A - [CHURNER] buco di almeno 3 settimane dopo l'ultimo ascolto
Sean-C-7,154.0,11.0,8.0,2.0,96.0,25.0,30,4.0,0.25,124.75,0.75,6.0,0.5,0,E - [NOT CHURNER] quota ascolti artista ultime 3 settimane > 0.1
Sebastien_SAFC,130.0,11.0,13.0,2.0,55.0,21.0,7,1.0,1.0,99.0,1.0,11.0,1.0,0,E - [NOT CHURNER] quota ascolti artista ultime 3 settimane > 0.1
StarstruckAngel,165.0,36.0,7.0,4.0,98.0,29.0,41,10.0,0.2,127.0,3.8,7.1,0.4,0,E - [NOT CHURNER] quota ascolti artista ultime 3 settimane > 0.1
StaticVeins,159.0,36.0,15.0,3.0,31.0,14.0,19,6.0,0.333333333333,104.666666667,1.83333333333,4.0,0.5,1,A - [CHURNER] buco di almeno 3 settimane dopo l'ultimo ascolto
Suicidal_Steve,136.0,18.0,13.0,4.0,31.0,16.0,8,6.0,0.0,127.333333333,0.0,6.66666666667,0.0,1,A - [CHURNER] buco di almeno 3 settimane dopo l'ultimo ascolto
Supm8s,168.0,11.0,16.0,3.0,72.0,27.0,10,0,0,0,0,0,0,1,A - [CHURNER] buco di almeno 3 settimane dopo l'ultimo ascolto
TayTayRVD,164.0,14.0,7.0,5.0,31.0,11.0,18,8.0,0.0,120.0,0.0,6.25,0.0,0,C - [NOT CHURNER] quota settimane ascolto artista >= 0.65
TheBearsome,144.0,10.0,8.0,4.0,90.0,33.0,28,7.0,0.142857142857,113.714285714,0.714285714286,6.14285714286,0.571428571429,1,B - [CHURNER] ascolto/i artista nelle ultime 3 settimane <3
TheRealMez,153.0,19.0,9.0,7.0,33.0,15.0,16,3.0,0.333333333333,109.666666667,0.333333333333,2.66666666667,0.333333333333,0,C - [NOT CHURNER] quota settimane ascolto artista >= 0.65
Thracian,176.0,20.0,5.0,2.0,24.0,14.0,44,13.0,0.153846153846,138.384615385,0.769230769231,3.92307692308,0.153846153846,0,E - [NOT CHURNER] quota ascolti artista ultime 3 settimane > 0.1
Tombirculosis,131.0,11.0,6.0,5.0,34.0,13.0,10,5.0,0.0,141.0,0.0,8.6,0.0,0,C - [NOT CHURNER] quota settimane ascolto artista >= 0.65
Umwongo,141.0,33.0,4.0,4.0,37.0,11.0,31,5.0,0.4,142.8,0.8,5.6,0.6,0,C - [NOT CHURNER] quota settimane ascolto artista >= 0.65
WeirdFaerie,162.0,18.0,10.0,4.0,84.0,20.0,21,7.0,0.142857142857,123.571428571,0.142857142857,5.71428571429,0.142857142857,1,A - [CHURNER] buco di almeno 3 settimane dopo l'ultimo ascolto
WizardParadox,173.0,17.0,7.0,4.0,94.0,29.0,42,10.0,0.2,135.7,0.2,7.8,0.2,1,D - [CHURNER] quota ascolti artista ultime 3 settimane <= 0.1
X_Fayli_X,144.0,23.0,7.0,6.0,44.0,19.0,19,6.0,0.333333333333,133.333333333,2.0,8.33333333333,0.666666666667,0,C - [NOT CHURNER] quota settimane ascolto artista >= 0.65
Zaphod69,182.0,20.0,9.0,2.0,55.0,16.0,12,5.0,0.4,132.4,1.4,5.0,0.6,0,E - [NOT CHURNER] quota ascolti artista ultime 3 settimane > 0.1
__kali__,182.0,28.0,5.0,2.0,68.0,20.0,11,3.0,0.0,62.3333333333,0.0,5.33333333333,0.0,0,E - [NOT CHURNER] quota ascolti artista ultime 3 settimane > 0.1
andrew_ackrell,181.0,37.0,16.0,3.0,65.0,22.0,15,10.0,0.0,146.0,0.0,3.6,0.0,1,A - [CHURNER] buco di almeno 3 settimane dopo l'ultimo ascolto
andymason89,163.0,10.0,4.0,2.0,37.0,12.0,4,3.0,0.333333333333,119.0,0.666666666667,8.33333333333,0.666666666667,1,D - [CHURNER] quota ascolti artista ultime 3 settimane <= 0.1
anrky4000,175.0,15.0,8.0,2.0,53.0,25.0,4,3.0,0.0,85.6666666667,0.0,3.33333333333,0.0,1,B - [CHURNER] ascolto/i artista nelle ultime 3 settimane <3
arranwicher,145.0,31.0,11.0,6.0,47.0,10.0,3,2.0,0.0,147.5,0.0,3.0,0.0,1,D - [CHURNER] quota ascolti artista ultime 3 settimane <= 0.1
ash_walker,151.0,14.0,5.0,2.0,23.0,13.0,6,5.0,0.0,139.2,0.0,10.8,0.0,0,E - [NOT CHURNER] quota ascolti artista ultime 3 settimane > 0.1
ashleighleanne,141.0,24.0,5.0,3.0,51.0,15.0,10,3.0,0.666666666667,155.0,14.0,6.0,1.0,0,E - [NOT CHURNER] quota ascolti artista ultime 3 settimane > 0.1
carlwalton,154.0,15.0,12.0,4.0,80.0,32.0,3,2.0,0.0,158.5,0.0,5.5,0.0,0,E - [NOT CHURNER] quota ascolti artista ultime 3 settimane > 0.1
carlyannetonner,131.0,14.0,14.0,4.0,64.0,24.0,138,34.0,0.0882352941176,138.558823529,0.176470588235,8.23529411765,0.147058823529,0,E - [NOT CHURNER] quota ascolti artista ultime 3 settimane > 0.1
charlycrash,154.0,18.0,16.0,6.0,41.0,18.0,13,2.0,0.5,173.5,0.5,3.5,0.5,0,E - [NOT CHURNER] quota ascolti artista ultime 3 settimane > 0.1
citizenerased16,139.0,26.0,6.0,3.0,20.0,7.0,3,2.0,0.0,167.5,0.0,11.5,0.0,0,E - [NOT CHURNER] quota ascolti artista ultime 3 settimane > 0.1
ciudadano_d,167.0,17.0,6.0,3.0,89.0,26.0,10,0,0,0,0,0,0,1,B - [CHURNER] ascolto/i artista nelle ultime 3 settimane <3
clockworkpurple,184.0,14.0,5.0,3.0,62.0,19.0,27,11.0,0.0,141.181818182,0.0,4.27272727273,0.0,1,B - [CHURNER] ascolto/i artista nelle ultime 3 settimane <3
coheed87,171.0,16.0,5.0,2.0,53.0,20.0,111,75.0,0.106666666667,139.04,1.13333333333,6.33333333333,0.12,1,A - [CHURNER] buco di almeno 3 settimane dopo l'ultimo ascolto
craigy_mac,174.0,11.0,4.0,2.0,63.0,17.0,5,3.0,0.0,148.333333333,0.0,4.0,0.0,1,D - [CHURNER] quota ascolti artista ultime 3 settimane <= 0.1
dAvik42,141.0,23.0,8.0,3.0,50.0,21.0,9,6.0,0.166666666667,137.666666667,0.166666666667,6.16666666667,0.166666666667,1,B - [CHURNER] ascolto/i artista nelle ultime 3 settimane <3
daniellebeeson,165.0,16.0,8.0,2.0,20.0,6.0,8,3.0,0.333333333333,121.666666667,3.0,12.3333333333,1.66666666667,1,A - [CHURNER] buco di almeno 3 settimane dopo l'ultimo ascolto
danshq,170.0,12.0,5.0,2.0,25.0,12.0,12,7.0,0.0,106.142857143,0.0,4.85714285714,0.0,1,D - [CHURNER] quota ascolti artista ultime 3 settimane <= 0.1
deadstar37,183.0,25.0,8.0,4.0,80.0,30.0,58,25.0,0.36,125.96,2.24,6.4,0.56,1,A - [CHURNER] buco di almeno 3 settimane dopo l'ultimo ascolto
djcati,162.0,13.0,4.0,3.0,87.0,21.0,21,1.0,1.0,93.0,10.0,5.0,2.0,0,C - [NOT CHURNER] quota settimane ascolto artista >= 0.65
dreamyourealive,143.0,38.0,8.0,3.0,22.0,13.0,34,13.0,0.307692307692,146.384615385,2.69230769231,7.46153846154,0.461538461538,0,E - [NOT CHURNER] quota ascolti artista ultime 3 settimane > 0.1
dunkster,148.0,13.0,10.0,6.0,54.0,22.0,17,5.0,0.0,137.4,0.0,6.6,0.0,1,D - [CHURNER] quota ascolti artista ultime 3 settimane <= 0.1
dupingdelight,160.0,69.0,11.0,2.0,48.0,25.0,36,20.0,0.1,103.6,0.45,4.4,0.1,1,A - [CHURNER] buco di almeno 3 settimane dopo l'ultimo ascolto
dwaddington,147.0,22.0,6.0,2.0,94.0,30.0,7,1.0,0.0,140.0,0.0,3.0,0.0,0,E - [NOT CHURNER] quota ascolti artista ultime 3 settimane > 0.1
enasnimark,175.0,10.0,13.0,4.0,87.0,26.0,2,1.0,0.0,121.0,0.0,1.0,0.0,1,B - [CHURNER] ascolto/i artista nelle ultime 3 settimane <3
ermmgem,177.0,28.0,8.0,2.0,42.0,11.0,22,10.0,0.5,148.6,4.7,10.4,0.7,0,E - [NOT CHURNER] quota ascolti artista ultime 3 settimane > 0.1
ffionsgay,154.0,16.0,6.0,5.0,29.0,14.0,151,54.0,0.425925925926,135.462962963,5.05555555556,5.59259259259,0.759259259259,0,C - [NOT CHURNER] quota settimane ascolto artista >= 0.65
firked,185.0,24.0,9.0,3.0,47.0,20.0,42,21.0,0.047619047619,139.952380952,0.047619047619,5.95238095238,0.047619047619,1,A - [CHURNER] buco di almeno 3 settimane dopo l'ultimo ascolto
flashstepandy,161.0,11.0,9.0,3.0,51.0,18.0,50,17.0,0.117647058824,141.941176471,0.117647058824,4.94117647059,0.117647058824,1,B - [CHURNER] ascolto/i artista nelle ultime 3 settimane <3
flytopia,183.0,11.0,5.0,4.0,110.0,40.0,2,1.0,0.0,25.0,0.0,2.0,0.0,1,B - [CHURNER] ascolto/i artista nelle ultime 3 settimane <3
followiill,131.0,15.0,9.0,5.0,31.0,13.0,5,4.0,0.5,142.75,0.5,6.25,0.5,1,B - [CHURNER] ascolto/i artista nelle ultime 3 settimane <3
gavbaby,149.0,17.0,12.0,2.0,33.0,10.0,11,2.0,0.5,129.5,0.5,6.5,0.5,1,A - [CHURNER] buco di almeno 3 settimane dopo l'ultimo ascolto
gboyers,156.0,20.0,9.0,4.0,90.0,28.0,32,9.0,0.111111111111,109.333333333,0.444444444444,5.0,0.222222222222,1,B - [CHURNER] ascolto/i artista nelle ultime 3 settimane <3
ghosts-,156.0,14.0,6.0,2.0,38.0,15.0,5,3.0,0.0,124.333333333,0.0,4.0,0.0,1,A - [CHURNER] buco di almeno 3 settimane dopo l'ultimo ascolto
gunnars18,139.0,21.0,6.0,4.0,45.0,13.0,12,10.0,0.0,148.3,0.0,5.1,0.0,0,C - [NOT CHURNER] quota settimane ascolto artista >= 0.65
harris.kirk,152.0,16.0,8.0,3.0,8.0,5.0,11,4.0,0.0,112.5,0.0,4.5,0.0,0,E - [NOT CHURNER] quota ascolti artista ultime 3 settimane > 0.1
hattiebabes,137.0,13.0,5.0,2.0,87.0,20.0,4,2.0,0.5,181.0,0.5,3.0,0.5,0,E - [NOT CHURNER] quota ascolti artista ultime 3 settimane > 0.1
isitzain,188.0,18.0,7.0,2.0,53.0,17.0,31,16.0,0.0,116.5,0.0,6.1875,0.0,0,E - [NOT CHURNER] quota ascolti artista ultime 3 settimane > 0.1
jamescram,138.0,11.0,16.0,2.0,26.0,11.0,10,4.0,0.0,121.75,0.0,8.5,0.0,1,A - [CHURNER] buco di almeno 3 settimane dopo l'ultimo ascolto
jax359,171.0,22.0,8.0,2.0,39.0,18.0,2,1.0,0.0,165.0,0.0,9.0,0.0,0,E - [NOT CHURNER] quota ascolti artista ultime 3 settimane > 0.1
jayjay_jayme,152.0,10.0,5.0,3.0,86.0,27.0,31,5.0,0.0,114.2,0.0,3.8,0.0,1,D - [CHURNER] quota ascolti artista ultime 3 settimane <= 0.1
jdarladimas,150.0,55.0,5.0,3.0,16.0,8.0,75,5.0,0.2,147.0,0.2,8.6,0.2,0,E - [NOT CHURNER] quota ascolti artista ultime 3 settimane > 0.1
jimmy_dc,150.0,11.0,5.0,4.0,42.0,14.0,3,1.0,1.0,131.0,1.0,4.0,1.0,0,C - [NOT CHURNER] quota settimane ascolto artista >= 0.65
jimmywul,143.0,17.0,10.0,6.0,70.0,30.0,6,5.0,0.0,116.8,0.0,7.0,0.0,0,E - [NOT CHURNER] quota ascolti artista ultime 3 settimane > 0.1
jjbeeson,175.0,13.0,13.0,2.0,64.0,23.0,49,24.0,0.166666666667,131.458333333,1.875,4.79166666667,0.25,1,A - [CHURNER] buco di almeno 3 settimane dopo l'ultimo ascolto
joefi,173.0,10.0,10.0,5.0,70.0,19.0,34,6.0,0.0,108.833333333,0.0,10.6666666667,0.0,0,E - [NOT CHURNER] quota ascolti artista ultime 3 settimane > 0.1
johnnyyy_rocks,141.0,33.0,12.0,2.0,29.0,11.0,8,5.0,0.0,159.6,0.0,8.4,0.0,1,A - [CHURNER] buco di almeno 3 settimane dopo l'ultimo ascolto
jonlowndes,147.0,12.0,7.0,4.0,73.0,29.0,26,9.0,0.222222222222,144.111111111,6.66666666667,6.0,0.555555555556,1,B - [CHURNER] ascolto/i artista nelle ultime 3 settimane <3
joshscuse,165.0,14.0,8.0,4.0,67.0,31.0,30,19.0,0.157894736842,126.789473684,0.210526315789,5.94736842105,0.157894736842,1,B - [CHURNER] ascolto/i artista nelle ultime 3 settimane <3
kezzie_p,155.0,18.0,24.0,4.0,55.0,26.0,56,28.0,0.107142857143,120.928571429,0.142857142857,4.5,0.107142857143,1,A - [CHURNER] buco di almeno 3 settimane dopo l'ultimo ascolto
klarasky,143.0,15.0,7.0,4.0,13.0,9.0,23,1.0,0.0,185.0,0.0,5.0,0.0,0,E - [NOT CHURNER] quota ascolti artista ultime 3 settimane > 0.1
krispykremes90,191.0,19.0,5.0,2.0,58.0,18.0,23,9.0,0.333333333333,121.888888889,0.666666666667,7.22222222222,0.444444444444,1,B - [CHURNER] ascolto/i artista nelle ultime 3 settimane <3
laffinnome,141.0,12.0,12.0,3.0,66.0,25.0,6,2.0,0.0,108.0,0.0,10.5,0.0,1,A - [CHURNER] buco di almeno 3 settimane dopo l'ultimo ascolto
langurmonkey,145.0,18.0,4.0,2.0,72.0,27.0,21,5.0,0.0,134.6,0.0,6.8,0.0,0,E - [NOT CHURNER] quota ascolti artista ultime 3 settimane > 0.1
laurenw95,157.0,10.0,13.0,3.0,74.0,24.0,4,1.0,0.0,129.0,0.0,9.0,0.0,1,A - [CHURNER] buco di almeno 3 settimane dopo l'ultimo ascolto
liamwolf,142.0,23.0,7.0,2.0,38.0,16.0,6,5.0,0.0,131.0,0.0,4.2,0.0,1,A - [CHURNER] buco di almeno 3 settimane dopo l'ultimo ascolto
lovelindsay,138.0,16.0,6.0,4.0,81.0,27.0,62,19.0,0.0,113.947368421,0.0,7.47368421053,0.0,1,B - [CHURNER] ascolto/i artista nelle ultime 3 settimane <3
lynzyb,133.0,26.0,7.0,3.0,15.0,4.0,2,1.0,0.0,46.0,0.0,5.0,0.0,1,A - [CHURNER] buco di almeno 3 settimane dopo l'ultimo ascolto
maccathesaint,168.0,24.0,4.0,4.0,53.0,17.0,25,2.0,0.0,134.5,0.0,7.0,0.0,0,C - [NOT CHURNER] quota settimane ascolto artista >= 0.65
magnoliamace,150.0,39.0,6.0,5.0,19.0,9.0,7,2.0,0.5,142.5,1.0,6.0,0.5,0,C - [NOT CHURNER] quota settimane ascolto artista >= 0.65
mai_taylor,147.0,13.0,10.0,2.0,49.0,18.0,55,20.0,0.55,138.85,9.15,4.2,0.95,1,A - [CHURNER] buco di almeno 3 settimane dopo l'ultimo ascolto
marieeeel,179.0,13.0,17.0,2.0,74.0,25.0,198,101.0,0.118811881188,122.702970297,0.584158415842,5.05940594059,0.168316831683,1,A - [CHURNER] buco di almeno 3 settimane dopo l'ultimo ascolto
matskiC,148.0,16.0,14.0,4.0,88.0,30.0,7,3.0,0.0,151.0,0.0,17.6666666667,0.0,1,A - [CHURNER] buco di almeno 3 settimane dopo l'ultimo ascolto
mattrocious,141.0,17.0,4.0,2.0,77.0,26.0,7,3.0,0.0,105.666666667,0.0,4.33333333333,0.0,0,E - [NOT CHURNER] quota ascolti artista ultime 3 settimane > 0.1
mellowyellow89,138.0,21.0,4.0,2.0,80.0,26.0,207,31.0,0.161290322581,123.935483871,0.806451612903,5.51612903226,0.193548387097,0,E - [NOT CHURNER] quota ascolti artista ultime 3 settimane > 0.1
metrule89,145.0,12.0,8.0,2.0,35.0,10.0,12,6.0,0.166666666667,117.0,0.166666666667,6.33333333333,0.166666666667,1,A - [CHURNER] buco di almeno 3 settimane dopo l'ultimo ascolto
mikenv,145.0,13.0,6.0,2.0,82.0,31.0,9,4.0,0.0,150.0,0.0,5.5,0.0,0,E - [NOT CHURNER] quota ascolti artista ultime 3 settimane > 0.1
miss_musey,148.0,32.0,12.0,3.0,19.0,14.0,15,7.0,0.428571428571,129.142857143,5.0,3.28571428571,1.42857142857,1,A - [CHURNER] buco di almeno 3 settimane dopo l'ultimo ascolto
molkatt,150.0,13.0,9.0,4.0,89.0,17.0,13,7.0,0.0,146.714285714,0.0,5.0,0.0,0,E - [NOT CHURNER] quota ascolti artista ultime 3 settimane > 0.1
mr_x,162.0,18.0,4.0,3.0,24.0,5.0,72,23.0,0.304347826087,125.304347826,2.34782608696,6.65217391304,0.913043478261,0,C - [NOT CHURNER] quota settimane ascolto artista >= 0.65
mudderfupper,154.0,10.0,10.0,8.0,62.0,12.0,6,1.0,0.0,154.0,0.0,3.0,0.0,0,C - [NOT CHURNER] quota settimane ascolto artista >= 0.65
muse959,144.0,20.0,4.0,4.0,79.0,20.0,13,8.0,0.25,133.875,1.125,5.5,0.375,0,C - [NOT CHURNER] quota settimane ascolto artista >= 0.65
musefan84,162.0,19.0,17.0,8.0,85.0,26.0,1,1.0,0.0,167.0,0.0,1.0,0.0,0,E - [NOT CHURNER] quota ascolti artista ultime 3 settimane > 0.1
musey84,167.0,20.0,11.0,3.0,87.0,27.0,4,4.0,0.25,149.75,0.25,2.5,0.25,1,A - [CHURNER] buco di almeno 3 settimane dopo l'ultimo ascolto
nathan_face,167.0,15.0,16.0,3.0,73.0,26.0,19,6.0,0.166666666667,115.166666667,0.166666666667,8.83333333333,0.166666666667,1,A - [CHURNER] buco di almeno 3 settimane dopo l'ultimo ascolto
nicola_muse,156.0,28.0,11.0,3.0,39.0,11.0,1,1.0,0.0,156.0,0.0,1.0,0.0,0,E - [NOT CHURNER] quota ascolti artista ultime 3 settimane > 0.1
nikkistargirl,160.0,12.0,4.0,4.0,79.0,23.0,9,5.0,0.2,142.4,0.2,4.6,0.2,0,C - [NOT CHURNER] quota settimane ascolto artista >= 0.65
nonnis89,173.0,11.0,10.0,3.0,68.0,18.0,11,2.0,0.0,147.5,0.0,7.0,0.0,1,B - [CHURNER] ascolto/i artista nelle ultime 3 settimane <3
nouveller,138.0,44.0,9.0,8.0,33.0,14.0,1,1.0,1.0,91.0,59.0,9.0,7.0,0,C - [NOT CHURNER] quota settimane ascolto artista >= 0.65
oblet,138.0,22.0,4.0,2.0,17.0,6.0,10,4.0,0.0,129.25,0.0,4.25,0.0,0,E - [NOT CHURNER] quota ascolti artista ultime 3 settimane > 0.1
ossanossan,157.0,11.0,9.0,2.0,56.0,13.0,37,11.0,0.272727272727,149.272727273,0.363636363636,7.09090909091,0.272727272727,0,E - [NOT CHURNER] quota ascolti artista ultime 3 settimane > 0.1
penguindan,139.0,13.0,9.0,3.0,59.0,26.0,12,4.0,0.0,152.0,0.0,6.0,0.0,1,B - [CHURNER] ascolto/i artista nelle ultime 3 settimane <3
peterjamesford,138.0,73.0,10.0,4.0,11.0,5.0,6,4.0,0.0,156.75,0.0,6.75,0.0,0,E - [NOT CHURNER] quota ascolti artista ultime 3 settimane > 0.1
pineapple_munch,157.0,10.0,4.0,2.0,58.0,18.0,73,29.0,0.172413793103,138.0,1.41379310345,6.24137931034,0.241379310345,1,D - [CHURNER] quota ascolti artista ultime 3 settimane <= 0.1
pixiebell85,174.0,47.0,12.0,8.0,82.0,18.0,24,2.0,0.0,145.0,0.0,9.0,0.0,0,C - [NOT CHURNER] quota settimane ascolto artista >= 0.65
ratchetnclank,147.0,42.0,8.0,7.0,42.0,13.0,2,2.0,0.0,129.0,0.0,3.0,0.0,0,C - [NOT CHURNER] quota settimane ascolto artista >= 0.65
raychxangel,148.0,15.0,11.0,3.0,65.0,26.0,24,1.0,0.0,125.0,0.0,2.0,0.0,0,E - [NOT CHURNER] quota ascolti artista ultime 3 settimane > 0.1
red_alan,143.0,29.0,8.0,4.0,9.0,6.0,4,4.0,0.0,147.25,0.0,6.75,0.0,0,E - [NOT CHURNER] quota ascolti artista ultime 3 settimane > 0.1
robwellington03,163.0,12.0,8.0,3.0,96.0,26.0,8,4.0,0.25,133.0,1.5,8.75,1.25,1,B - [CHURNER] ascolto/i artista nelle ultime 3 settimane <3
rosscmoore02010,166.0,20.0,6.0,2.0,53.0,19.0,8,2.0,0.0,149.5,0.0,6.0,0.0,1,A - [CHURNER] buco di almeno 3 settimane dopo l'ultimo ascolto
rspython,176.0,11.0,16.0,4.0,47.0,10.0,2,1.0,1.0,175.0,3.0,7.0,2.0,0,E - [NOT CHURNER] quota ascolti artista ultime 3 settimane > 0.1
sacko87,135.0,12.0,4.0,3.0,38.0,12.0,9,5.0,0.2,178.0,0.2,5.6,0.2,0,C - [NOT CHURNER] quota settimane ascolto artista >= 0.65
salopian,181.0,12.0,6.0,3.0,68.0,11.0,9,5.0,0.0,105.0,0.0,11.4,0.0,1,D - [CHURNER] quota ascolti artista ultime 3 settimane <= 0.1
samthomsa,166.0,15.0,6.0,2.0,73.0,23.0,2,2.0,0.0,86.0,0.0,2.5,0.0,1,A - [CHURNER] buco di almeno 3 settimane dopo l'ultimo ascolto
sarabian,171.0,10.0,13.0,3.0,94.0,36.0,20,9.0,0.0,125.555555556,0.0,8.22222222222,0.0,1,A - [CHURNER] buco di almeno 3 settimane dopo l'ultimo ascolto
sestrensaz,165.0,15.0,16.0,4.0,94.0,35.0,18,7.0,0.571428571429,128.571428571,10.2857142857,7.71428571429,2.14285714286,1,D - [CHURNER] quota ascolti artista ultime 3 settimane <= 0.1
sharpy117,142.0,10.0,10.0,3.0,26.0,8.0,1,1.0,1.0,167.0,1.0,3.0,1.0,1,B - [CHURNER] ascolto/i artista nelle ultime 3 settimane <3
shvandar,140.0,12.0,5.0,2.0,29.0,17.0,49,25.0,0.16,131.0,1.84,5.28,0.24,0,E - [NOT CHURNER] quota ascolti artista ultime 3 settimane > 0.1
skaneda,137.0,12.0,8.0,2.0,59.0,31.0,66,12.0,0.0,126.0,0.0,4.66666666667,0.0,0,E - [NOT CHURNER] quota ascolti artista ultime 3 settimane > 0.1
sloberingdog,188.0,59.0,9.0,4.0,51.0,24.0,19,13.0,0.153846153846,121.769230769,1.15384615385,6.69230769231,0.461538461538,0,E - [NOT CHURNER] quota ascolti artista ultime 3 settimane > 0.1
soundtruth,143.0,10.0,9.0,2.0,33.0,20.0,11,1.0,0.0,158.0,0.0,5.0,0.0,1,A - [CHURNER] buco di almeno 3 settimane dopo l'ultimo ascolto
spiritofjazz,147.0,19.0,9.0,5.0,68.0,24.0,18,7.0,0.0,140.285714286,0.0,5.42857142857,0.0,0,E - [NOT CHURNER] quota ascolti artista ultime 3 settimane > 0.1
spiritquest,182.0,30.0,11.0,3.0,36.0,13.0,23,14.0,0.0714285714286,143.0,0.0714285714286,5.71428571429,0.0714285714286,1,A - [CHURNER] buco di almeno 3 settimane dopo l'ultimo ascolto
strattyrudge,173.0,22.0,15.0,4.0,62.0,19.0,20,4.0,0.0,130.75,0.0,4.5,0.0,0,E - [NOT CHURNER] quota ascolti artista ultime 3 settimane > 0.1
stupendo,156.0,17.0,4.0,4.0,76.0,18.0,7,1.0,1.0,99.0,1.0,11.0,1.0,0,C - [NOT CHURNER] quota settimane ascolto artista >= 0.65
sunshine1shell,150.0,10.0,7.0,3.0,99.0,23.0,4,2.0,0.5,133.0,0.5,8.0,0.5,1,D - [CHURNER] quota ascolti artista ultime 3 settimane <= 0.1
swawrzyniak,159.0,11.0,4.0,2.0,50.0,19.0,18,9.0,0.111111111111,96.2222222222,0.111111111111,6.22222222222,0.111111111111,0,E - [NOT CHURNER] quota ascolti artista ultime 3 settimane > 0.1
tardispikachu,141.0,27.0,6.0,5.0,22.0,10.0,16,8.0,0.375,133.5,1.125,5.375,0.5,0,C - [NOT CHURNER] quota settimane ascolto artista >= 0.65
ten-24,154.0,22.0,5.0,3.0,26.0,10.0,9,2.0,0.0,46.0,0.0,7.0,0.0,0,E - [NOT CHURNER] quota ascolti artista ultime 3 settimane > 0.1
thebigalan39,162.0,27.0,10.0,4.0,42.0,14.0,5,2.0,0.0,164.0,0.0,2.0,0.0,1,A - [CHURNER] buco di almeno 3 settimane dopo l'ultimo ascolto
theragingkiwi,168.0,11.0,6.0,5.0,62.0,21.0,92,21.0,0.47619047619,118.047619048,3.42857142857,4.7619047619,0.809523809524,0,C - [NOT CHURNER] quota settimane ascolto artista >= 0.65
timrickaby,177.0,33.0,5.0,3.0,36.0,13.0,9,8.0,0.0,147.25,0.0,7.25,0.0,0,E - [NOT CHURNER] quota ascolti artista ultime 3 settimane > 0.1
tomrulez,157.0,17.0,15.0,4.0,21.0,11.0,10,4.0,0.75,107.25,1.0,6.25,0.75,1,A - [CHURNER] buco di almeno 3 settimane dopo l'ultimo ascolto
tuesdayclub,160.0,26.0,15.0,2.0,75.0,25.0,27,15.0,0.266666666667,140.333333333,1.2,7.0,0.466666666667,0,E - [NOT CHURNER] quota ascolti artista ultime 3 settimane > 0.1
turkystuffing,183.0,22.0,5.0,2.0,71.0,26.0,12,5.0,0.2,140.6,3.8,4.2,0.2,1,A - [CHURNER] buco di almeno 3 settimane dopo l'ultimo ascolto
twiggy8520,148.0,38.0,4.0,2.0,34.0,11.0,23,13.0,0.0,117.0,0.0,5.61538461538,0.0,0,E - [NOT CHURNER] quota ascolti artista ultime 3 settimane > 0.1
version3point1,141.0,23.0,12.0,5.0,42.0,17.0,23,14.0,0.142857142857,130.285714286,0.142857142857,5.57142857143,0.142857142857,0,E - [NOT CHURNER] quota ascolti artista ultime 3 settimane > 0.1
viewfromabridge,132.0,12.0,8.0,4.0,31.0,17.0,11,6.0,0.166666666667,113.666666667,0.5,4.16666666667,0.166666666667,1,A - [CHURNER] buco di almeno 3 settimane dopo l'ultimo ascolto
wee_fred,134.0,29.0,15.0,7.0,25.0,10.0,24,10.0,0.3,127.2,1.2,4.5,0.3,1,B - [CHURNER] ascolto/i artista nelle ultime 3 settimane <3
xmalvdeadx,146.0,13.0,7.0,2.0,50.0,21.0,84,4.0,0.0,150.75,0.0,9.25,0.0,0,E - [NOT CHURNER] quota ascolti artista ultime 3 settimane > 0.1
